mtllib alienShip.mtl
o Default
v 20 0 -56
v 20 0 -60
v 24 0 -60
v 24 0 -56
v 0 0 -32
v 4 0 -36
v 0 0 -36
v 4 0 -32
v 0 0 -40
v 4 0 -44
v 0 0 -44
v 4 0 -40
v 0 0 -28
v 4 0 -32
v 0 0 -32
v 4 0 -28
v 0 0 -44
v 4 0 -48
v 0 0 -48
v 4 0 -44
v 4 0 -24
v 8 0 -28
v 4 0 -28
v 8 0 -24
v 8 0 -24
v 12 0 -28
v 8 0 -28
v 12 0 -24
v 8 0 -20
v 12 0 -24
v 8 0 -24
v 12 0 -20
v 12 0 -20
v 16 0 -24
v 12 0 -24
v 16 0 -20
v 12 0 -16
v 16 0 -20
v 12 0 -20
v 16 0 -16
v 16 0 -16
v 20 0 -20
v 16 0 -20
v 20 0 -16
v 0 0 -36
v 4 0 -40
v 0 0 -40
v 4 0 -36
v 24 0 -16
v 28 0 -20
v 24 0 -20
v 28 0 -16
v 28 0 -16
v 32 0 -20
v 28 0 -20
v 32 0 -16
v 4 0 -28
v 8 0 -32
v 4 0 -32
v 8 0 -28
v 28 0 -20
v 32 0 -24
v 28 0 -24
v 32 0 -20
v 32 0 -20
v 36 0 -24
v 32 0 -24
v 36 0 -20
v 32 0 -24
v 36 0 -28
v 32 0 -28
v 36 0 -24
v 36 0 -24
v 40 0 -28
v 36 0 -28
v 40 0 -24
v 36 0 -28
v 40 0 -32
v 36 0 -32
v 40 0 -28
v 40 0 -28
v 44 0 -32
v 40 0 -32
v 44 0 -28
v 40 0 -32
v 44 0 -36
v 40 0 -36
v 44 0 -32
v 44 -4 -36
v 44 0 -40
v 44 0 -36
v 44 -4 -40
v 40 0 -40
v 44 0 -44
v 40 0 -44
v 44 0 -40
v 40 0 -44
v 44 0 -48
v 40 0 -48
v 44 0 -44
v 36 0 -44
v 40 0 -48
v 36 0 -48
v 40 0 -44
v 36 0 -48
v 40 0 -52
v 36 0 -52
v 40 0 -48
v 32 0 -48
v 36 0 -52
v 32 0 -52
v 36 0 -48
v 32 0 -52
v 36 0 -56
v 32 0 -56
v 36 0 -52
v 28 0 -52
v 32 0 -56
v 28 0 -56
v 32 0 -52
v 28 0 -56
v 32 0 -60
v 28 0 -60
v 32 0 -56
v 24 0 -56
v 28 0 -60
v 24 0 -60
v 28 0 -56
v 40 0 -36
v 44 0 -40
v 40 0 -40
v 44 0 -36
v 16 0 -56
v 20 0 -60
v 16 0 -60
v 20 0 -56
v 12 0 -56
v 16 0 -60
v 12 0 -60
v 16 0 -56
v 12 0 -52
v 16 0 -56
v 12 0 -56
v 16 0 -52
v 8 0 -52
v 12 0 -56
v 8 0 -56
v 12 0 -52
v 8 0 -48
v 12 0 -52
v 8 0 -52
v 12 0 -48
v 4 0 -48
v 8 0 -52
v 4 0 -52
v 8 0 -48
v 4 0 -44
v 8 0 -48
v 4 0 -48
v 8 0 -44
v 24 -4 -16
v 28 0 -16
v 24 0 -16
v 28 -4 -16
v 28 -4 -16
v 32 0 -16
v 28 0 -16
v 32 -4 -16
v 20 -4 -60
v 24 -4 -56
v 20 -4 -56
v 24 -4 -60
v 16 -4 -16
v 20 0 -16
v 16 0 -16
v 20 -4 -16
v 12 -4 -16
v 16 0 -16
v 12 0 -16
v 16 -4 -16
v 32 -4 -20
v 36 0 -20
v 32 0 -20
v 36 -4 -20
v 36 -4 -24
v 40 0 -24
v 36 0 -24
v 40 -4 -24
v 40 -4 -28
v 44 0 -28
v 40 0 -28
v 44 -4 -28
v 0 -4 -28
v 4 0 -28
v 0 0 -28
v 4 -4 -28
v 4 -4 -24
v 8 0 -24
v 4 0 -24
v 8 -4 -24
v 8 -4 -20
v 12 0 -20
v 8 0 -20
v 12 -4 -20
v 32 -4 -16
v 32 0 -20
v 32 0 -16
v 32 -4 -20
v 32 -4 -56
v 32 0 -60
v 32 0 -56
v 32 -4 -60
v 36 -4 -20
v 36 0 -24
v 36 0 -20
v 36 -4 -24
v 36 -4 -52
v 36 0 -56
v 36 0 -52
v 36 -4 -56
v 40 -4 -48
v 40 0 -52
v 40 0 -48
v 40 -4 -52
v 40 -4 -24
v 40 0 -28
v 40 0 -24
v 40 -4 -28
v 44 -4 -28
v 44 0 -32
v 44 0 -28
v 44 -4 -32
v 44 -4 -32
v 44 0 -36
v 44 0 -32
v 44 -4 -36
v 20 -4 -16
v 24 0 -16
v 20 0 -16
v 24 -4 -16
v 44 -4 -40
v 44 0 -44
v 44 0 -40
v 44 -4 -44
v 44 -4 -44
v 44 0 -48
v 44 0 -44
v 44 -4 -48
v 44 -4 -48
v 40 0 -48
v 44 0 -48
v 40 -4 -48
v 4 -4 -48
v 0 0 -48
v 4 0 -48
v 0 -4 -48
v 40 -4 -52
v 36 0 -52
v 40 0 -52
v 36 -4 -52
v 8 -4 -52
v 4 0 -52
v 8 0 -52
v 4 -4 -52
v 36 -4 -56
v 32 0 -56
v 36 0 -56
v 32 -4 -56
v 12 -4 -56
v 8 0 -56
v 12 0 -56
v 8 -4 -56
v 32 -4 -60
v 28 0 -60
v 32 0 -60
v 28 -4 -60
v 28 -4 -60
v 24 0 -60
v 28 0 -60
v 24 -4 -60
v 28 -4 -56
v 32 -4 -52
v 28 -4 -52
v 32 -4 -56
v 20 -4 -60
v 16 0 -60
v 20 0 -60
v 16 -4 -60
v 16 -4 -60
v 12 0 -60
v 16 0 -60
v 12 -4 -60
v 12 -4 -60
v 12 0 -56
v 12 0 -60
v 12 -4 -56
v 12 -4 -20
v 12 0 -16
v 12 0 -20
v 12 -4 -16
v 8 -4 -56
v 8 0 -52
v 8 0 -56
v 8 -4 -52
v 8 -4 -24
v 8 0 -20
v 8 0 -24
v 8 -4 -20
v 4 -4 -52
v 4 0 -48
v 4 0 -52
v 4 -4 -48
v 4 -4 -28
v 4 0 -24
v 4 0 -28
v 4 -4 -24
v 0 -4 -48
v 0 0 -44
v 0 0 -48
v 0 -4 -44
v 0 -4 -44
v 0 0 -40
v 0 0 -44
v 0 -4 -40
v 24 -4 -60
v 20 0 -60
v 24 0 -60
v 20 -4 -60
v 0 -4 -36
v 0 0 -32
v 0 0 -36
v 0 -4 -32
v 0 -4 -32
v 0 0 -28
v 0 0 -32
v 0 -4 -28
v 12 -4 -60
v 16 -4 -56
v 12 -4 -56
v 16 -4 -60
v 12 -4 -56
v 16 -4 -52
v 12 -4 -52
v 16 -4 -56
v 16 -4 -60
v 20 -4 -56
v 16 -4 -56
v 20 -4 -60
v 0 -4 -40
v 4 -4 -36
v 0 -4 -36
v 4 -4 -40
v 24 -4 -60
v 28 -4 -56
v 24 -4 -56
v 28 -4 -60
v 28 -4 -60
v 32 -4 -56
v 28 -4 -56
v 32 -4 -60
v 8 -4 -56
v 12 -4 -52
v 8 -4 -52
v 12 -4 -56
v 8 -4 -52
v 12 -4 -48
v 8 -4 -48
v 12 -4 -52
v 4 -4 -52
v 8 -4 -48
v 4 -4 -48
v 8 -4 -52
v 4 -4 -48
v 8 -4 -44
v 4 -4 -44
v 8 -4 -48
v 0 -4 -48
v 4 -4 -44
v 0 -4 -44
v 4 -4 -48
v 0 -4 -44
v 4 -4 -40
v 0 -4 -40
v 4 -4 -44
v 20 -4 -20
v 24 -4 -16
v 20 -4 -16
v 24 -4 -20
v 0 -4 -36
v 4 -4 -32
v 0 -4 -32
v 4 -4 -36
v 0 -4 -32
v 4 -4 -28
v 0 -4 -28
v 4 -4 -32
v 4 -4 -32
v 8 -4 -28
v 4 -4 -28
v 8 -4 -32
v 4 -4 -28
v 8 -4 -24
v 4 -4 -24
v 8 -4 -28
v 8 -4 -28
v 12 -4 -24
v 8 -4 -24
v 12 -4 -28
v 8 -4 -24
v 12 -4 -20
v 8 -4 -20
v 12 -4 -24
v 12 -4 -24
v 16 -4 -20
v 12 -4 -20
v 16 -4 -24
v 12 -4 -20
v 16 -4 -16
v 12 -4 -16
v 16 -4 -20
v 16 -4 -20
v 20 -4 -16
v 16 -4 -16
v 20 -4 -20
v 20 0 -16
v 24 0 -20
v 20 0 -20
v 24 0 -16
v 24 -4 -20
v 28 -4 -16
v 24 -4 -16
v 28 -4 -20
v 28 -4 -20
v 32 -4 -16
v 28 -4 -16
v 32 -4 -20
v 28 -4 -24
v 32 -4 -20
v 28 -4 -20
v 32 -4 -24
v 32 -4 -24
v 36 -4 -20
v 32 -4 -20
v 36 -4 -24
v 32 -4 -28
v 36 -4 -24
v 32 -4 -24
v 36 -4 -28
v 36 -4 -28
v 40 -4 -24
v 36 -4 -24
v 40 -4 -28
v 36 -4 -32
v 40 -4 -28
v 36 -4 -28
v 40 -4 -32
v 40 -4 -32
v 44 -4 -28
v 40 -4 -28
v 44 -4 -32
v 40 -4 -36
v 44 -4 -32
v 40 -4 -32
v 44 -4 -36
v 32 -4 -48
v 36 -4 -44
v 32 -4 -44
v 36 -4 -48
v 40 -4 -44
v 44 -4 -40
v 40 -4 -40
v 44 -4 -44
v 40 -4 -48
v 44 -4 -44
v 40 -4 -44
v 44 -4 -48
v 36 -4 -48
v 40 -4 -44
v 36 -4 -44
v 40 -4 -48
v 36 -4 -52
v 40 -4 -48
v 36 -4 -48
v 40 -4 -52
v 32 -4 -52
v 36 -4 -48
v 32 -4 -48
v 36 -4 -52
v 32 -4 -56
v 36 -4 -52
v 32 -4 -52
v 36 -4 -56
v 0 -4 -40
v 0 0 -36
v 0 0 -40
v 0 -4 -36
v 20 0 -36
v 24 0 -40
v 20 0 -40
v 24 0 -36
v 24 0 -48
v 28 0 -52
v 24 0 -52
v 28 0 -48
v 16 0 -36
v 20 0 -40
v 16 0 -40
v 20 0 -36
v 20 0 -44
v 24 0 -48
v 20 0 -48
v 24 0 -44
v 16 0 -52
v 20 0 -56
v 16 0 -56
v 20 0 -52
v 16 0 -44
v 20 0 -48
v 16 0 -48
v 20 0 -44
v 16 0 -48
v 20 0 -52
v 16 0 -52
v 20 0 -48
v 20 0 -40
v 24 0 -44
v 20 0 -44
v 24 0 -40
v 8 0 -44
v 12 0 -48
v 8 0 -48
v 12 0 -44
v 8 0 -36
v 12 0 -40
v 8 0 -40
v 12 0 -36
v 4 0 -40
v 8 0 -44
v 4 0 -44
v 8 0 -40
v 8 0 -32
v 12 0 -36
v 8 0 -36
v 12 0 -32
v 12 0 -36
v 16 0 -40
v 12 0 -40
v 16 0 -36
v 8 0 -40
v 12 0 -44
v 8 0 -44
v 12 0 -40
v 12 0 -28
v 16 0 -32
v 12 0 -32
v 16 0 -28
v 12 0 -24
v 16 0 -28
v 12 0 -28
v 16 0 -24
v 16 0 -24
v 20 0 -28
v 16 0 -28
v 20 0 -24
v 16 0 -20
v 20 0 -24
v 16 0 -24
v 20 0 -20
v 20 0 -20
v 24 0 -24
v 20 0 -24
v 24 0 -20
v 24 0 -20
v 28 0 -24
v 24 0 -24
v 28 0 -20
v 24 0 -24
v 28 0 -28
v 24 0 -28
v 28 0 -24
v 24 0 -28
v 28 0 -32
v 24 0 -32
v 28 0 -28
v 4 0 -32
v 8 0 -36
v 4 0 -36
v 8 0 -32
v 16 0 -28
v 20 0 -32
v 16 0 -32
v 20 0 -28
v 12 0 -32
v 16 0 -36
v 12 0 -36
v 16 0 -32
v 28 0 -36
v 32 0 -40
v 28 0 -40
v 32 0 -36
v 20 0 -28
v 24 0 -32
v 20 0 -32
v 24 0 -28
v 4 0 -36
v 8 0 -40
v 4 0 -40
v 8 0 -36
v 8 0 -28
v 12 0 -32
v 8 0 -32
v 12 0 -28
v 24 0 -36
v 28 0 -40
v 24 0 -40
v 28 0 -36
v 12 0 -44
v 16 0 -48
v 12 0 -48
v 16 0 -44
v 12 0 -48
v 16 0 -52
v 12 0 -52
v 16 0 -48
v 16 0 -32
v 20 0 -36
v 16 0 -36
v 20 0 -32
v 12 0 -40
v 16 0 -44
v 12 0 -44
v 16 0 -40
v 20 0 -52
v 24 0 -56
v 20 0 -56
v 24 0 -52
v 20 0 -48
v 24 0 -52
v 20 0 -52
v 24 0 -48
v 16 0 -40
v 20 0 -44
v 16 0 -44
v 20 0 -40
v 20 0 -24
v 24 0 -28
v 20 0 -28
v 24 0 -24
v 28 0 -24
v 32 0 -28
v 28 0 -28
v 32 0 -24
v 28 0 -28
v 32 0 -32
v 28 0 -32
v 32 0 -28
v 28 0 -32
v 32 0 -36
v 28 0 -36
v 32 0 -32
v 20 0 -32
v 24 0 -36
v 20 0 -36
v 24 0 -32
v 24 0 -32
v 28 0 -36
v 24 0 -36
v 28 0 -32
v 28 0 -40
v 32 0 -44
v 28 0 -44
v 32 0 -40
v 24 0 -40
v 28 0 -44
v 24 0 -44
v 28 0 -40
v 24 0 -44
v 28 0 -48
v 24 0 -48
v 28 0 -44
v 24 0 -52
v 28 0 -56
v 24 0 -56
v 28 0 -52
v 28 0 -44
v 32 0 -48
v 28 0 -48
v 32 0 -44
v 28 0 -48
v 32 0 -52
v 28 0 -52
v 32 0 -48
v 32 0 -44
v 36 0 -48
v 32 0 -48
v 36 0 -44
v 32 0 -40
v 36 0 -44
v 32 0 -44
v 36 0 -40
v 32 0 -36
v 36 0 -40
v 32 0 -40
v 36 0 -36
v 32 0 -32
v 36 0 -36
v 32 0 -36
v 36 0 -32
v 32 0 -28
v 36 0 -32
v 32 0 -32
v 36 0 -28
v 36 0 -32
v 40 0 -36
v 36 0 -36
v 40 0 -32
v 36 0 -36
v 40 0 -40
v 36 0 -40
v 40 0 -36
v 36 0 -40
v 40 0 -44
v 36 0 -44
v 40 0 -40
v 36 -4 -36
v 40 -4 -32
v 36 -4 -32
v 40 -4 -36
v 32 -4 -36
v 36 -4 -32
v 32 -4 -32
v 36 -4 -36
v 28 -4 -36
v 32 -4 -32
v 28 -4 -32
v 32 -4 -36
v 24 -4 -36
v 28 -4 -32
v 24 -4 -32
v 28 -4 -36
v 20 -4 -36
v 24 -4 -32
v 20 -4 -32
v 24 -4 -36
v 16 -4 -36
v 20 -4 -32
v 16 -4 -32
v 20 -4 -36
v 12 -4 -36
v 16 -4 -32
v 12 -4 -32
v 16 -4 -36
v 8 -4 -36
v 12 -4 -32
v 8 -4 -32
v 12 -4 -36
v 4 -4 -36
v 8 -4 -32
v 4 -4 -32
v 8 -4 -36
v 4 -4 -40
v 8 -4 -36
v 4 -4 -36
v 8 -4 -40
v 4 -4 -44
v 8 -4 -40
v 4 -4 -40
v 8 -4 -44
v 8 -4 -44
v 12 -4 -40
v 8 -4 -40
v 12 -4 -44
v 12 -4 -44
v 16 -4 -40
v 12 -4 -40
v 16 -4 -44
v 16 -4 -44
v 20 -4 -40
v 16 -4 -40
v 20 -4 -44
v 20 -4 -44
v 24 -4 -40
v 20 -4 -40
v 24 -4 -44
v 24 -4 -44
v 28 -4 -40
v 24 -4 -40
v 28 -4 -44
v 28 -4 -44
v 32 -4 -40
v 28 -4 -40
v 32 -4 -44
v 32 -4 -44
v 36 -4 -40
v 32 -4 -40
v 36 -4 -44
v 36 -4 -44
v 40 -4 -40
v 36 -4 -40
v 40 -4 -44
v 36 -4 -40
v 40 -4 -36
v 36 -4 -36
v 40 -4 -40
v 32 -4 -40
v 36 -4 -36
v 32 -4 -36
v 36 -4 -40
v 28 -4 -40
v 32 -4 -36
v 28 -4 -36
v 32 -4 -40
v 24 -4 -40
v 28 -4 -36
v 24 -4 -36
v 28 -4 -40
v 20 -4 -40
v 24 -4 -36
v 20 -4 -36
v 24 -4 -40
v 16 -4 -40
v 20 -4 -36
v 16 -4 -36
v 20 -4 -40
v 12 -4 -40
v 16 -4 -36
v 12 -4 -36
v 16 -4 -40
v 8 -4 -40
v 12 -4 -36
v 8 -4 -36
v 12 -4 -40
v 16 -4 -24
v 20 -4 -20
v 16 -4 -20
v 20 -4 -24
v 16 -4 -28
v 20 -4 -24
v 16 -4 -24
v 20 -4 -28
v 16 -4 -32
v 20 -4 -28
v 16 -4 -28
v 20 -4 -32
v 20 -4 -48
v 24 -4 -44
v 20 -4 -44
v 24 -4 -48
v 20 -4 -52
v 24 -4 -48
v 20 -4 -48
v 24 -4 -52
v 16 -4 -52
v 20 -4 -48
v 16 -4 -48
v 20 -4 -52
v 16 -4 -48
v 20 -4 -44
v 16 -4 -44
v 20 -4 -48
v 16 -4 -56
v 20 -4 -52
v 16 -4 -52
v 20 -4 -56
v 20 -4 -56
v 24 -4 -52
v 20 -4 -52
v 24 -4 -56
v 24 -4 -56
v 28 -4 -52
v 24 -4 -52
v 28 -4 -56
v 24 -4 -52
v 28 -4 -48
v 24 -4 -48
v 28 -4 -52
v 24 -4 -48
v 28 -4 -44
v 24 -4 -44
v 28 -4 -48
v 24 -4 -32
v 28 -4 -28
v 24 -4 -28
v 28 -4 -32
v 24 -4 -28
v 28 -4 -24
v 24 -4 -24
v 28 -4 -28
v 24 -4 -24
v 28 -4 -20
v 24 -4 -20
v 28 -4 -24
v 20 -4 -24
v 24 -4 -20
v 20 -4 -20
v 24 -4 -24
v 20 -4 -28
v 24 -4 -24
v 20 -4 -24
v 24 -4 -28
v 20 -4 -32
v 24 -4 -28
v 20 -4 -28
v 24 -4 -32
v 28 -4 -28
v 32 -4 -24
v 28 -4 -24
v 32 -4 -28
v 28 -4 -32
v 32 -4 -28
v 28 -4 -28
v 32 -4 -32
v 32 -4 -32
v 36 -4 -28
v 32 -4 -28
v 36 -4 -32
v 28 -4 -52
v 32 -4 -48
v 28 -4 -48
v 32 -4 -52
v 28 -4 -48
v 32 -4 -44
v 28 -4 -44
v 32 -4 -48
v 40 -4 -40
v 44 -4 -36
v 40 -4 -36
v 44 -4 -40
v 12 -4 -52
v 16 -4 -48
v 12 -4 -48
v 16 -4 -52
v 12 -4 -48
v 16 -4 -44
v 12 -4 -44
v 16 -4 -48
v 8 -4 -48
v 12 -4 -44
v 8 -4 -44
v 12 -4 -48
v 8 -4 -32
v 12 -4 -28
v 8 -4 -28
v 12 -4 -32
v 12 -4 -32
v 16 -4 -28
v 12 -4 -28
v 16 -4 -32
v 12 -4 -28
v 16 -4 -24
v 12 -4 -24
v 16 -4 -28
v 36 0 -36
v 36 4 -40
v 36 4 -36
v 36 0 -40
v 36 0 -32
v 36 4 -36
v 36 4 -32
v 36 0 -36
v 36 0 -40
v 36 4 -44
v 36 4 -40
v 36 0 -44
v 36 0 -44
v 36 4 -48
v 36 4 -44
v 36 0 -48
v 36 0 -28
v 36 4 -32
v 36 4 -28
v 36 0 -32
v 36 0 -48
v 32 4 -48
v 36 4 -48
v 32 0 -48
v 32 0 -48
v 32 4 -52
v 32 4 -48
v 32 0 -52
v 32 0 -52
v 28 4 -52
v 32 4 -52
v 28 0 -52
v 28 0 -52
v 24 4 -52
v 28 4 -52
v 24 0 -52
v 24 0 -52
v 20 4 -52
v 24 4 -52
v 20 0 -52
v 20 0 -52
v 16 4 -52
v 20 4 -52
v 16 0 -52
v 16 0 -52
v 12 4 -52
v 16 4 -52
v 12 0 -52
v 12 0 -48
v 8 4 -48
v 12 4 -48
v 8 0 -48
v 12 0 -52
v 12 4 -48
v 12 4 -52
v 12 0 -48
v 12 0 -28
v 12 4 -24
v 12 4 -28
v 12 0 -24
v 8 0 -36
v 8 4 -32
v 8 4 -36
v 8 0 -32
v 8 0 -40
v 8 4 -36
v 8 4 -40
v 8 0 -36
v 8 0 -44
v 8 4 -40
v 8 4 -44
v 8 0 -40
v 8 0 -48
v 8 4 -44
v 8 4 -48
v 8 0 -44
v 8 0 -32
v 8 4 -28
v 8 4 -32
v 8 0 -28
v 8 0 -28
v 12 4 -28
v 8 4 -28
v 12 0 -28
v 32 0 -28
v 36 4 -28
v 32 4 -28
v 36 0 -28
v 28 0 -24
v 32 4 -24
v 28 4 -24
v 32 0 -24
v 24 0 -24
v 28 4 -24
v 24 4 -24
v 28 0 -24
v 20 0 -24
v 24 4 -24
v 20 4 -24
v 24 0 -24
v 16 0 -24
v 20 4 -24
v 16 4 -24
v 20 0 -24
v 12 0 -24
v 16 4 -24
v 12 4 -24
v 16 0 -24
v 32 0 -24
v 32 4 -28
v 32 4 -24
v 32 0 -28
v 12 4 -24
v 16 4 -28
v 12 4 -28
v 16 4 -24
v 8 4 -28
v 12 4 -32
v 8 4 -32
v 12 4 -28
v 8 4 -32
v 12 4 -36
v 8 4 -36
v 12 4 -32
v 8 4 -36
v 12 4 -40
v 8 4 -40
v 12 4 -36
v 8 4 -40
v 12 4 -44
v 8 4 -44
v 12 4 -40
v 8 4 -44
v 12 4 -48
v 8 4 -48
v 12 4 -44
v 12 4 -44
v 16 4 -48
v 12 4 -48
v 16 4 -44
v 12 4 -48
v 16 4 -52
v 12 4 -52
v 16 4 -48
v 16 4 -48
v 20 4 -52
v 16 4 -52
v 20 4 -48
v 20 4 -48
v 24 4 -52
v 20 4 -52
v 24 4 -48
v 24 4 -48
v 28 4 -52
v 24 4 -52
v 28 4 -48
v 28 4 -48
v 32 4 -52
v 28 4 -52
v 32 4 -48
v 28 4 -44
v 32 4 -48
v 28 4 -48
v 32 4 -44
v 32 4 -44
v 36 4 -48
v 32 4 -48
v 36 4 -44
v 32 4 -40
v 36 4 -44
v 32 4 -44
v 36 4 -40
v 32 4 -36
v 36 4 -40
v 32 4 -40
v 36 4 -36
v 32 4 -32
v 36 4 -36
v 32 4 -36
v 36 4 -32
v 32 4 -28
v 36 4 -32
v 32 4 -32
v 36 4 -28
v 28 4 -28
v 32 4 -32
v 28 4 -32
v 32 4 -28
v 28 4 -24
v 32 4 -28
v 28 4 -28
v 32 4 -24
v 24 4 -24
v 28 4 -28
v 24 4 -28
v 28 4 -24
v 20 4 -24
v 24 4 -28
v 20 4 -28
v 24 4 -24
v 16 4 -24
v 20 4 -28
v 16 4 -28
v 20 4 -24
v 12 4 -28
v 16 4 -32
v 12 4 -32
v 16 4 -28
v 12 4 -32
v 16 4 -36
v 12 4 -36
v 16 4 -32
v 12 4 -36
v 16 4 -40
v 12 4 -40
v 16 4 -36
v 12 4 -40
v 16 4 -44
v 12 4 -44
v 16 4 -40
v 16 4 -44
v 20 4 -48
v 16 4 -48
v 20 4 -44
v 16 4 -36
v 20 4 -40
v 16 4 -40
v 20 4 -36
v 16 4 -32
v 20 4 -36
v 16 4 -36
v 20 4 -32
v 16 4 -28
v 20 4 -32
v 16 4 -32
v 20 4 -28
v 20 4 -28
v 24 4 -32
v 20 4 -32
v 24 4 -28
v 20 4 -32
v 24 4 -36
v 20 4 -36
v 24 4 -32
v 16 4 -40
v 20 4 -44
v 16 4 -44
v 20 4 -40
v 20 4 -40
v 24 4 -44
v 20 4 -44
v 24 4 -40
v 20 4 -44
v 24 4 -48
v 20 4 -48
v 24 4 -44
v 20 4 -36
v 24 4 -40
v 20 4 -40
v 24 4 -36
v 24 4 -32
v 28 4 -36
v 24 4 -36
v 28 4 -32
v 24 4 -36
v 28 4 -40
v 24 4 -40
v 28 4 -36
v 24 4 -40
v 28 4 -44
v 24 4 -44
v 28 4 -40
v 24 4 -44
v 28 4 -48
v 24 4 -48
v 28 4 -44
v 24 4 -28
v 28 4 -32
v 24 4 -32
v 28 4 -28
v 28 4 -32
v 32 4 -36
v 28 4 -36
v 32 4 -32
v 28 4 -36
v 32 4 -40
v 28 4 -40
v 32 4 -36
v 28 4 -40
v 32 4 -44
v 28 4 -44
v 32 4 -40
v 32 4 -28
v 32 8 -32
v 32 8 -28
v 32 4 -32
v 32 4 -32
v 32 8 -36
v 32 8 -32
v 32 4 -36
v 32 4 -36
v 32 8 -40
v 32 8 -36
v 32 4 -40
v 32 4 -40
v 32 8 -44
v 32 8 -40
v 32 4 -44
v 32 4 -44
v 32 8 -48
v 32 8 -44
v 32 4 -48
v 28 4 -28
v 32 8 -28
v 28 8 -28
v 32 4 -28
v 24 4 -28
v 28 8 -28
v 24 8 -28
v 28 4 -28
v 20 4 -28
v 24 8 -28
v 20 8 -28
v 24 4 -28
v 20 8 -28
v 24 12 -28
v 20 12 -28
v 24 8 -28
v 12 4 -28
v 16 8 -28
v 12 8 -28
v 16 4 -28
v 12 4 -32
v 12 8 -28
v 12 8 -32
v 12 4 -28
v 12 4 -36
v 12 8 -32
v 12 8 -36
v 12 4 -32
v 12 4 -40
v 12 8 -36
v 12 8 -40
v 12 4 -36
v 12 4 -44
v 12 8 -40
v 12 8 -44
v 12 4 -40
v 12 4 -48
v 12 8 -44
v 12 8 -48
v 12 4 -44
v 16 4 -48
v 12 8 -48
v 16 8 -48
v 12 4 -48
v 20 4 -48
v 16 8 -48
v 20 8 -48
v 16 4 -48
v 24 4 -48
v 20 8 -48
v 24 8 -48
v 20 4 -48
v 28 4 -48
v 24 8 -48
v 28 8 -48
v 24 4 -48
v 32 4 -48
v 28 8 -48
v 32 8 -48
v 28 4 -48
v 32 8 -48
v 28 12 -48
v 32 12 -48
v 28 8 -48
v 32 12 -48
v 28 16 -48
v 32 16 -48
v 28 12 -48
v 32 16 -48
v 28 20 -48
v 32 20 -48
v 28 16 -48
v 32 20 -48
v 28 24 -48
v 32 24 -48
v 28 20 -48
v 32 24 -48
v 28 28 -48
v 32 28 -48
v 28 24 -48
v 28 24 -48
v 24 28 -48
v 28 28 -48
v 24 24 -48
v 28 20 -48
v 24 24 -48
v 28 24 -48
v 24 20 -48
v 28 12 -48
v 24 16 -48
v 28 16 -48
v 24 12 -48
v 20 8 -48
v 16 12 -48
v 20 12 -48
v 16 8 -48
v 28 8 -46
v 24 12 -46
v 28 12 -46
v 24 8 -46
v 24 16 -48
v 20 20 -48
v 24 20 -48
v 20 16 -48
v 24 20 -48
v 20 24 -48
v 24 24 -48
v 20 20 -48
v 24 12 -48
v 20 16 -48
v 24 16 -48
v 20 12 -48
v 20 16 -48
v 16 20 -48
v 20 20 -48
v 16 16 -48
v 28 8 -48
v 24 12 -48
v 28 12 -48
v 24 8 -48
v 12 20 -40
v 12 24 -36
v 12 24 -40
v 12 20 -36
v 20 12 -48
v 16 16 -48
v 20 16 -48
v 16 12 -48
v 20 20 -48
v 16 24 -48
v 20 24 -48
v 16 20 -48
v 20 24 -48
v 16 28 -48
v 20 28 -48
v 16 24 -48
v 24 24 -48
v 20 28 -48
v 24 28 -48
v 20 24 -48
v 16 24 -48
v 12 28 -48
v 16 28 -48
v 12 24 -48
v 16 20 -48
v 12 24 -48
v 16 24 -48
v 12 20 -48
v 16 16 -48
v 12 20 -48
v 16 20 -48
v 12 16 -48
v 16 12 -48
v 12 16 -48
v 16 16 -48
v 12 12 -48
v 16 8 -48
v 12 12 -48
v 16 12 -48
v 12 8 -48
v 32 8 -44
v 32 12 -48
v 32 12 -44
v 32 8 -48
v 32 12 -44
v 32 16 -48
v 32 16 -44
v 32 12 -48
v 32 16 -44
v 32 20 -48
v 32 20 -44
v 32 16 -48
v 32 20 -44
v 32 24 -48
v 32 24 -44
v 32 20 -48
v 32 24 -44
v 32 28 -48
v 32 28 -44
v 32 24 -48
v 32 24 -40
v 32 28 -44
v 32 28 -40
v 32 24 -44
v 32 24 -36
v 32 28 -40
v 32 28 -36
v 32 24 -40
v 32 24 -32
v 32 28 -36
v 32 28 -32
v 32 24 -36
v 32 24 -28
v 32 28 -32
v 32 28 -28
v 32 24 -32
v 32 20 -28
v 32 24 -32
v 32 24 -28
v 32 20 -32
v 32 16 -28
v 32 20 -32
v 32 20 -28
v 32 16 -32
v 32 12 -28
v 32 16 -32
v 32 16 -28
v 32 12 -32
v 32 8 -28
v 32 12 -32
v 32 12 -28
v 32 8 -32
v 24 8 -28
v 28 12 -28
v 24 12 -28
v 28 8 -28
v 32 12 -40
v 32 16 -44
v 32 16 -40
v 32 12 -44
v 32 8 -40
v 32 12 -44
v 32 12 -40
v 32 8 -44
v 32 20 -36
v 32 24 -40
v 32 24 -36
v 32 20 -40
v 32 20 -32
v 32 24 -36
v 32 24 -32
v 32 20 -36
v 32 8 -32
v 32 12 -36
v 32 12 -32
v 32 8 -36
v 32 12 -32
v 32 16 -36
v 32 16 -32
v 32 12 -36
v 32 -40 -40
v 32 -36 -44
v 32 -36 -40
v 32 -40 -44
v 32 8 -36
v 32 12 -40
v 32 12 -36
v 32 8 -40
v 32 12 -36
v 32 16 -40
v 32 16 -36
v 32 12 -40
v 32 -36 -40
v 32 -32 -44
v 32 -32 -40
v 32 -36 -44
v 32 16 -36
v 32 20 -40
v 32 20 -36
v 32 16 -40
v 28 8 -28
v 32 12 -28
v 28 12 -28
v 32 8 -28
v 32 20 -40
v 32 24 -44
v 32 24 -40
v 32 20 -44
v 16 8 -28
v 20 12 -28
v 16 12 -28
v 20 8 -28
v 16 16 -28
v 20 20 -28
v 16 20 -28
v 20 16 -28
v 12 8 -28
v 16 12 -28
v 12 12 -28
v 16 8 -28
v 12 12 -28
v 16 16 -28
v 12 16 -28
v 16 12 -28
v 12 16 -28
v 16 20 -28
v 12 20 -28
v 16 16 -28
v 12 20 -28
v 16 24 -28
v 12 24 -28
v 16 20 -28
v 24 24 -28
v 28 28 -28
v 24 28 -28
v 28 24 -28
v 20 24 -28
v 24 28 -28
v 20 28 -28
v 24 24 -28
v 16 24 -28
v 20 28 -28
v 16 28 -28
v 20 24 -28
v 12 24 -28
v 16 28 -28
v 12 28 -28
v 16 24 -28
v 28 24 -28
v 32 28 -28
v 28 28 -28
v 32 24 -28
v 28 20 -28
v 32 24 -28
v 28 24 -28
v 32 20 -28
v 28 16 -28
v 32 20 -28
v 28 20 -28
v 32 16 -28
v 28 12 -28
v 32 16 -28
v 28 16 -28
v 32 12 -28
v 32 16 -32
v 32 20 -36
v 32 20 -32
v 32 16 -36
v 12 12 -44
v 12 16 -40
v 12 16 -44
v 12 12 -40
v 16 20 -28
v 20 24 -28
v 16 24 -28
v 20 20 -28
v 24 12 -28
v 28 16 -28
v 24 16 -28
v 28 12 -28
v 24 20 -28
v 28 24 -28
v 24 24 -28
v 28 20 -28
v 20 20 -28
v 24 24 -28
v 20 24 -28
v 24 20 -28
v 20 12 -28
v 24 16 -28
v 20 16 -28
v 24 12 -28
v 20 -40 -28
v 24 -36 -28
v 20 -36 -28
v 24 -40 -28
v 24 16 -28
v 28 20 -28
v 24 20 -28
v 28 16 -28
v 12 8 -48
v 12 12 -44
v 12 12 -48
v 12 8 -44
v 12 12 -48
v 12 16 -44
v 12 16 -48
v 12 12 -44
v 12 16 -48
v 12 20 -44
v 12 20 -48
v 12 16 -44
v 12 20 -48
v 12 24 -44
v 12 24 -48
v 12 20 -44
v 12 24 -48
v 12 28 -44
v 12 28 -48
v 12 24 -44
v 12 24 -44
v 12 28 -40
v 12 28 -44
v 12 24 -40
v 12 24 -40
v 12 28 -36
v 12 28 -40
v 12 24 -36
v 12 24 -36
v 12 28 -32
v 12 28 -36
v 12 24 -32
v 12 24 -32
v 12 28 -28
v 12 28 -32
v 12 24 -28
v 12 20 -32
v 12 24 -28
v 12 24 -32
v 12 20 -28
v 12 16 -32
v 12 20 -28
v 12 20 -32
v 12 16 -28
v 12 20 -36
v 12 24 -32
v 12 24 -36
v 12 20 -32
v 12 -32 -40
v 12 -28 -36
v 12 -28 -40
v 12 -32 -36
v 12 12 -32
v 12 16 -28
v 12 16 -32
v 12 12 -28
v 12 8 -32
v 12 12 -28
v 12 12 -32
v 12 8 -28
v 20 16 -28
v 24 20 -28
v 20 20 -28
v 24 16 -28
v 12 16 -40
v 12 20 -36
v 12 20 -40
v 12 16 -36
v 12 8 -40
v 12 12 -36
v 12 12 -40
v 12 8 -36
v 12 16 -36
v 12 20 -32
v 12 20 -36
v 12 16 -32
v 12 16 -44
v 12 20 -40
v 12 20 -44
v 12 16 -40
v 16 12 -28
v 20 16 -28
v 16 16 -28
v 20 12 -28
v 12 20 -44
v 12 24 -40
v 12 24 -44
v 12 20 -40
v 12 8 -36
v 12 12 -32
v 12 12 -36
v 12 8 -32
v 12 12 -36
v 12 16 -32
v 12 16 -36
v 12 12 -32
v 12 8 -44
v 12 12 -40
v 12 12 -44
v 12 8 -40
v 12 28 -44
v 16 28 -48
v 12 28 -48
v 16 28 -44
v 16 28 -44
v 20 28 -48
v 16 28 -48
v 20 28 -44
v 12 28 -36
v 16 28 -40
v 12 28 -40
v 16 28 -36
v 24 28 -44
v 28 28 -48
v 24 28 -48
v 28 28 -44
v 28 28 -44
v 32 28 -48
v 28 28 -48
v 32 28 -44
v 12 28 -40
v 16 28 -44
v 12 28 -44
v 16 28 -40
v 28 28 -28
v 32 28 -32
v 28 28 -32
v 32 28 -28
v 16 28 -40
v 20 28 -44
v 16 28 -44
v 20 28 -40
v 20 28 -40
v 24 28 -44
v 20 28 -44
v 24 28 -40
v 28 28 -40
v 32 28 -44
v 28 28 -44
v 32 28 -40
v 24 28 -32
v 28 28 -36
v 24 28 -36
v 28 28 -32
v 24 28 -40
v 28 28 -44
v 24 28 -44
v 28 28 -40
v 16 28 -36
v 20 28 -40
v 16 28 -40
v 20 28 -36
v 20 28 -36
v 24 28 -40
v 20 28 -40
v 24 28 -36
v 20 28 -44
v 24 28 -48
v 20 28 -48
v 24 28 -44
v 12 28 -32
v 16 28 -36
v 12 28 -36
v 16 28 -32
v 24 28 -36
v 28 28 -40
v 24 28 -40
v 28 28 -36
v 16 28 -32
v 20 28 -36
v 16 28 -36
v 20 28 -32
v 20 28 -32
v 24 28 -36
v 20 28 -36
v 24 28 -32
v 28 28 -32
v 32 28 -36
v 28 28 -36
v 32 28 -32
v 12 28 -28
v 16 28 -32
v 12 28 -32
v 16 28 -28
v 16 28 -28
v 20 28 -32
v 16 28 -32
v 20 28 -28
v 28 28 -36
v 32 28 -40
v 28 28 -40
v 32 28 -36
v 24 28 -28
v 28 28 -32
v 24 28 -32
v 28 28 -28
v 20 28 -28
v 24 28 -32
v 20 28 -32
v 24 28 -28
v 16 32 -40
v 16 36 -36
v 16 36 -40
v 16 32 -36
v 16 48 -44
v 16 52 -40
v 16 52 -44
v 16 48 -40
v 16 48 -40
v 16 52 -36
v 16 52 -40
v 16 48 -36
v 16 48 -36
v 16 52 -32
v 16 52 -36
v 16 48 -32
v 16 32 -36
v 16 36 -32
v 16 36 -36
v 16 32 -32
v 16 44 -44
v 16 48 -40
v 16 48 -44
v 16 44 -40
v 16 44 -40
v 16 48 -36
v 16 48 -40
v 16 44 -36
v 16 44 -36
v 16 48 -32
v 16 48 -36
v 16 44 -32
v 16 28 -36
v 16 32 -32
v 16 32 -36
v 16 28 -32
v 16 40 -44
v 16 44 -40
v 16 44 -44
v 16 40 -40
v 16 40 -40
v 16 44 -36
v 16 44 -40
v 16 40 -36
v 16 40 -36
v 16 44 -32
v 16 44 -36
v 16 40 -32
v 16 28 -44
v 16 32 -40
v 16 32 -44
v 16 28 -40
v 16 36 -44
v 16 40 -40
v 16 40 -44
v 16 36 -40
v 16 36 -40
v 16 40 -36
v 16 40 -40
v 16 36 -36
v 16 36 -36
v 16 40 -32
v 16 40 -36
v 16 36 -32
v 16 28 -40
v 16 32 -36
v 16 32 -40
v 16 28 -36
v 16 32 -44
v 16 36 -40
v 16 36 -44
v 16 32 -40
v 16 48 -32
v 20 52 -32
v 16 52 -32
v 20 48 -32
v 20 48 -32
v 24 52 -32
v 20 52 -32
v 24 48 -32
v 24 48 -32
v 28 52 -32
v 24 52 -32
v 28 48 -32
v 16 44 -32
v 20 48 -32
v 16 48 -32
v 20 44 -32
v 20 44 -32
v 24 48 -32
v 20 48 -32
v 24 44 -32
v 24 44 -32
v 28 48 -32
v 24 48 -32
v 28 44 -32
v 16 40 -32
v 20 44 -32
v 16 44 -32
v 20 40 -32
v 20 40 -32
v 24 44 -32
v 20 44 -32
v 24 40 -32
v 24 40 -32
v 28 44 -32
v 24 44 -32
v 28 40 -32
v 16 36 -32
v 20 40 -32
v 16 40 -32
v 20 36 -32
v 20 36 -32
v 24 40 -32
v 20 40 -32
v 24 36 -32
v 24 36 -32
v 28 40 -32
v 24 40 -32
v 28 36 -32
v 16 32 -32
v 20 36 -32
v 16 36 -32
v 20 32 -32
v 20 32 -32
v 24 36 -32
v 20 36 -32
v 24 32 -32
v 24 32 -32
v 28 36 -32
v 24 36 -32
v 28 32 -32
v 16 28 -32
v 20 32 -32
v 16 32 -32
v 20 28 -32
v 20 28 -32
v 24 32 -32
v 20 32 -32
v 24 28 -32
v 24 28 -32
v 28 32 -32
v 24 32 -32
v 28 28 -32
v 28 28 -44
v 24 32 -44
v 28 32 -44
v 24 28 -44
v 24 28 -44
v 20 32 -44
v 24 32 -44
v 20 28 -44
v 20 28 -44
v 16 32 -44
v 20 32 -44
v 16 28 -44
v 28 48 -44
v 24 52 -44
v 28 52 -44
v 24 48 -44
v 24 48 -44
v 20 52 -44
v 24 52 -44
v 20 48 -44
v 20 48 -44
v 16 52 -44
v 20 52 -44
v 16 48 -44
v 28 44 -44
v 24 48 -44
v 28 48 -44
v 24 44 -44
v 24 44 -44
v 20 48 -44
v 24 48 -44
v 20 44 -44
v 20 44 -44
v 16 48 -44
v 20 48 -44
v 16 44 -44
v 28 40 -44
v 24 44 -44
v 28 44 -44
v 24 40 -44
v 24 40 -44
v 20 44 -44
v 24 44 -44
v 20 40 -44
v 20 40 -44
v 16 44 -44
v 20 44 -44
v 16 40 -44
v 28 36 -44
v 24 40 -44
v 28 40 -44
v 24 36 -44
v 24 36 -44
v 20 40 -44
v 24 40 -44
v 20 36 -44
v 20 36 -44
v 16 40 -44
v 20 40 -44
v 16 36 -44
v 28 32 -44
v 24 36 -44
v 28 36 -44
v 24 32 -44
v 24 32 -44
v 20 36 -44
v 24 36 -44
v 20 32 -44
v 20 32 -44
v 16 36 -44
v 20 36 -44
v 16 32 -44
v 28 48 -40
v 28 52 -44
v 28 52 -40
v 28 48 -44
v 28 44 -36
v 28 48 -40
v 28 48 -36
v 28 44 -40
v 28 40 -36
v 28 44 -40
v 28 44 -36
v 28 40 -40
v 28 36 -36
v 28 40 -40
v 28 40 -36
v 28 36 -40
v 28 32 -32
v 28 36 -36
v 28 36 -32
v 28 32 -36
v 28 48 -32
v 28 52 -36
v 28 52 -32
v 28 48 -36
v 28 44 -32
v 28 48 -36
v 28 48 -32
v 28 44 -36
v 28 40 -32
v 28 44 -36
v 28 44 -32
v 28 40 -36
v 28 36 -32
v 28 40 -36
v 28 40 -32
v 28 36 -36
v 28 48 -36
v 28 52 -40
v 28 52 -36
v 28 48 -40
v 28 44 -40
v 28 48 -44
v 28 48 -40
v 28 44 -44
v 28 40 -40
v 28 44 -44
v 28 44 -40
v 28 40 -44
v 28 36 -40
v 28 40 -44
v 28 40 -40
v 28 36 -44
v 28 32 -40
v 28 36 -44
v 28 36 -40
v 28 32 -44
v 28 28 -40
v 28 32 -44
v 28 32 -40
v 28 28 -44
v 28 28 -36
v 28 32 -40
v 28 32 -36
v 28 28 -40
v 28 28 -32
v 28 32 -36
v 28 32 -32
v 28 28 -36
v 28 32 -36
v 28 36 -40
v 28 36 -36
v 28 32 -40
v 24 52 -40
v 28 52 -44
v 24 52 -44
v 28 52 -40
v 24 52 -36
v 28 52 -40
v 24 52 -40
v 28 52 -36
v 24 52 -32
v 28 52 -36
v 24 52 -36
v 28 52 -32
v 20 52 -32
v 24 52 -36
v 20 52 -36
v 24 52 -32
v 16 52 -32
v 20 52 -36
v 16 52 -36
v 20 52 -32
v 16 52 -36
v 20 52 -40
v 16 52 -40
v 20 52 -36
v 16 52 -40
v 20 52 -44
v 16 52 -44
v 20 52 -40
v 20 52 -40
v 24 52 -44
v 20 52 -44
v 24 52 -40
v 20 52 -36
v 24 52 -40
v 20 52 -40
v 24 52 -36
v 28 -8 -44
v 24 -4 -44
v 28 -4 -44
v 24 -8 -44
v 24 -8 -44
v 20 -4 -44
v 24 -4 -44
v 20 -8 -44
v 20 -8 -44
v 16 -4 -44
v 20 -4 -44
v 16 -8 -44
v 20 -12 -44
v 16 -8 -44
v 20 -8 -44
v 16 -12 -44
v 24 -12 -44
v 20 -8 -44
v 24 -8 -44
v 20 -12 -44
v 28 -12 -44
v 24 -8 -44
v 28 -8 -44
v 24 -12 -44
v 28 -16 -44
v 24 -12 -44
v 28 -12 -44
v 24 -16 -44
v 24 -16 -44
v 20 -12 -44
v 24 -12 -44
v 20 -16 -44
v 20 -16 -44
v 16 -12 -44
v 20 -12 -44
v 16 -16 -44
v 28 -12 -40
v 28 -8 -44
v 28 -8 -40
v 28 -12 -44
v 28 -16 -40
v 28 -12 -44
v 28 -12 -40
v 28 -16 -44
v 28 -16 -36
v 28 -12 -40
v 28 -12 -36
v 28 -16 -40
v 28 -12 -32
v 28 -8 -36
v 28 -8 -32
v 28 -12 -36
v 28 -8 -32
v 28 -4 -36
v 28 -4 -32
v 28 -8 -36
v 28 -8 -36
v 28 -4 -40
v 28 -4 -36
v 28 -8 -40
v 28 -12 -36
v 28 -8 -40
v 28 -8 -36
v 28 -12 -40
v 28 -16 -32
v 28 -12 -36
v 28 -12 -32
v 28 -16 -36
v 28 -8 -40
v 28 -4 -44
v 28 -4 -40
v 28 -8 -44
v 16 -16 -44
v 16 -12 -40
v 16 -12 -44
v 16 -16 -40
v 16 -16 -40
v 16 -12 -36
v 16 -12 -40
v 16 -16 -36
v 16 -16 -36
v 16 -12 -32
v 16 -12 -36
v 16 -16 -32
v 16 -12 -36
v 16 -8 -32
v 16 -8 -36
v 16 -12 -32
v 16 -8 -36
v 16 -4 -32
v 16 -4 -36
v 16 -8 -32
v 16 -8 -40
v 16 -4 -36
v 16 -4 -40
v 16 -8 -36
v 16 -12 -40
v 16 -8 -36
v 16 -8 -40
v 16 -12 -36
v 16 -12 -44
v 16 -8 -40
v 16 -8 -44
v 16 -12 -40
v 16 -8 -44
v 16 -4 -40
v 16 -4 -44
v 16 -8 -40
v 20 -16 -32
v 24 -12 -32
v 20 -12 -32
v 24 -16 -32
v 16 -16 -32
v 20 -12 -32
v 16 -12 -32
v 20 -16 -32
v 24 -16 -32
v 28 -12 -32
v 24 -12 -32
v 28 -16 -32
v 24 -12 -32
v 28 -8 -32
v 24 -8 -32
v 28 -12 -32
v 20 -12 -32
v 24 -8 -32
v 20 -8 -32
v 24 -12 -32
v 16 -12 -32
v 20 -8 -32
v 16 -8 -32
v 20 -12 -32
v 16 -8 -32
v 20 -4 -32
v 16 -4 -32
v 20 -8 -32
v 20 -8 -32
v 24 -4 -32
v 20 -4 -32
v 24 -8 -32
v 24 -8 -32
v 28 -4 -32
v 24 -4 -32
v 28 -8 -32
v 20 -12 -48
v 20 -8 -44
v 20 -8 -48
v 20 -12 -44
v 20 -12 -52
v 20 -8 -48
v 20 -8 -52
v 20 -12 -48
v 20 -12 -56
v 20 -8 -52
v 20 -8 -56
v 20 -12 -52
v 20 -12 -60
v 20 -8 -56
v 20 -8 -60
v 20 -12 -56
v 20 -12 -64
v 20 -8 -60
v 20 -8 -64
v 20 -12 -60
v 20 -12 -68
v 20 -8 -64
v 20 -8 -68
v 20 -12 -64
v 20 -12 -72
v 20 -8 -68
v 20 -8 -72
v 20 -12 -68
v 20 -12 -76
v 20 -8 -72
v 20 -8 -76
v 20 -12 -72
v 20 -12 -80
v 20 -8 -76
v 20 -8 -80
v 20 -12 -76
v 20 -12 -84
v 20 -8 -80
v 20 -8 -84
v 20 -12 -80
v 20 -8 -60
v 24 -8 -64
v 20 -8 -64
v 24 -8 -60
v 20 -8 -64
v 24 -8 -68
v 20 -8 -68
v 24 -8 -64
v 20 -8 -68
v 24 -8 -72
v 20 -8 -72
v 24 -8 -68
v 20 -8 -80
v 24 -8 -84
v 20 -8 -84
v 24 -8 -80
v 20 -8 -72
v 24 -8 -76
v 20 -8 -76
v 24 -8 -72
v 20 -8 -76
v 24 -8 -80
v 20 -8 -80
v 24 -8 -76
v 20 -8 -56
v 24 -8 -60
v 20 -8 -60
v 24 -8 -56
v 20 -8 -52
v 24 -8 -56
v 20 -8 -56
v 24 -8 -52
v 20 -8 -48
v 24 -8 -52
v 20 -8 -52
v 24 -8 -48
v 20 -8 -44
v 24 -8 -48
v 20 -8 -48
v 24 -8 -44
v 24 -12 -44
v 24 -8 -48
v 24 -8 -44
v 24 -12 -48
v 24 -12 -48
v 24 -8 -52
v 24 -8 -48
v 24 -12 -52
v 24 -12 -52
v 24 -8 -56
v 24 -8 -52
v 24 -12 -56
v 24 -12 -56
v 24 -8 -60
v 24 -8 -56
v 24 -12 -60
v 24 -12 -60
v 24 -8 -64
v 24 -8 -60
v 24 -12 -64
v 24 -12 -64
v 24 -8 -68
v 24 -8 -64
v 24 -12 -68
v 24 -12 -68
v 24 -8 -72
v 24 -8 -68
v 24 -12 -72
v 24 -12 -72
v 24 -8 -76
v 24 -8 -72
v 24 -12 -76
v 24 -12 -76
v 24 -8 -80
v 24 -8 -76
v 24 -12 -80
v 24 -12 -80
v 24 -8 -84
v 24 -8 -80
v 24 -12 -84
v 24 -12 -84
v 20 -8 -84
v 24 -8 -84
v 20 -12 -84
v 20 -12 -84
v 24 -12 -80
v 20 -12 -80
v 24 -12 -84
v 20 -12 -80
v 24 -12 -76
v 20 -12 -76
v 24 -12 -80
v 20 -12 -76
v 24 -12 -72
v 20 -12 -72
v 24 -12 -76
v 20 -12 -72
v 24 -12 -68
v 20 -12 -68
v 24 -12 -72
v 20 -12 -68
v 24 -12 -64
v 20 -12 -64
v 24 -12 -68
v 20 -12 -64
v 24 -12 -60
v 20 -12 -60
v 24 -12 -64
v 20 -12 -60
v 24 -12 -56
v 20 -12 -56
v 24 -12 -60
v 20 -12 -56
v 24 -12 -52
v 20 -12 -52
v 24 -12 -56
v 20 -12 -52
v 24 -12 -48
v 20 -12 -48
v 24 -12 -52
v 20 -12 -48
v 24 -12 -44
v 20 -12 -44
v 24 -12 -48
v 12 -12 -36
v 16 -8 -36
v 12 -8 -36
v 16 -12 -36
v 8 -12 -36
v 12 -8 -36
v 8 -8 -36
v 12 -12 -36
v 4 -12 -36
v 8 -8 -36
v 4 -8 -36
v 8 -12 -36
v 0 -12 -36
v 4 -8 -36
v 0 -8 -36
v 4 -12 -36
v -4 -12 -36
v 0 -8 -36
v -4 -8 -36
v 0 -12 -36
v -8 -12 -36
v -4 -8 -36
v -8 -8 -36
v -4 -12 -36
v -12 -12 -36
v -8 -8 -36
v -12 -8 -36
v -8 -12 -36
v -16 -12 -36
v -12 -8 -36
v -16 -8 -36
v -12 -12 -36
v -20 -12 -36
v -16 -8 -36
v -20 -8 -36
v -16 -12 -36
v -24 -12 -36
v -20 -8 -36
v -24 -8 -36
v -20 -12 -36
v 12 -8 -36
v 16 -8 -40
v 12 -8 -40
v 16 -8 -36
v 8 -8 -36
v 12 -8 -40
v 8 -8 -40
v 12 -8 -36
v 4 -8 -36
v 8 -8 -40
v 4 -8 -40
v 8 -8 -36
v 0 -8 -36
v 4 -8 -40
v 0 -8 -40
v 4 -8 -36
v -4 -8 -36
v 0 -8 -40
v -4 -8 -40
v 0 -8 -36
v -8 -8 -36
v -4 -8 -40
v -8 -8 -40
v -4 -8 -36
v -12 -8 -36
v -8 -8 -40
v -12 -8 -40
v -8 -8 -36
v -16 -8 -36
v -12 -8 -40
v -16 -8 -40
v -12 -8 -36
v -20 -8 -36
v -16 -8 -40
v -20 -8 -40
v -16 -8 -36
v -24 -8 -36
v -20 -8 -40
v -24 -8 -40
v -20 -8 -36
v -20 -12 -40
v -24 -8 -40
v -20 -8 -40
v -24 -12 -40
v -16 -12 -40
v -20 -8 -40
v -16 -8 -40
v -20 -12 -40
v -12 -12 -40
v -16 -8 -40
v -12 -8 -40
v -16 -12 -40
v -8 -12 -40
v -12 -8 -40
v -8 -8 -40
v -12 -12 -40
v -4 -12 -40
v -8 -8 -40
v -4 -8 -40
v -8 -12 -40
v 0 -12 -40
v -4 -8 -40
v 0 -8 -40
v -4 -12 -40
v 4 -12 -40
v 0 -8 -40
v 4 -8 -40
v 0 -12 -40
v 8 -12 -40
v 4 -8 -40
v 8 -8 -40
v 4 -12 -40
v 12 -12 -40
v 8 -8 -40
v 12 -8 -40
v 8 -12 -40
v 16 -12 -40
v 12 -8 -40
v 16 -8 -40
v 12 -12 -40
v -24 -12 -40
v -20 -12 -36
v -24 -12 -36
v -20 -12 -40
v -20 -12 -40
v -16 -12 -36
v -20 -12 -36
v -16 -12 -40
v -16 -12 -40
v -12 -12 -36
v -16 -12 -36
v -12 -12 -40
v -12 -12 -40
v -8 -12 -36
v -12 -12 -36
v -8 -12 -40
v -8 -12 -40
v -4 -12 -36
v -8 -12 -36
v -4 -12 -40
v -4 -12 -40
v 0 -12 -36
v -4 -12 -36
v 0 -12 -40
v 0 -12 -40
v 4 -12 -36
v 0 -12 -36
v 4 -12 -40
v 4 -12 -40
v 8 -12 -36
v 4 -12 -36
v 8 -12 -40
v 8 -12 -40
v 12 -12 -36
v 8 -12 -36
v 12 -12 -40
v 12 -12 -40
v 16 -12 -36
v 12 -12 -36
v 16 -12 -40
v -24 -12 -40
v -24 -8 -36
v -24 -8 -40
v -24 -12 -36
v 32 -12 -40
v 28 -8 -40
v 32 -8 -40
v 28 -12 -40
v 36 -12 -40
v 32 -8 -40
v 36 -8 -40
v 32 -12 -40
v 40 -12 -40
v 36 -8 -40
v 40 -8 -40
v 36 -12 -40
v 44 -12 -40
v 40 -8 -40
v 44 -8 -40
v 40 -12 -40
v 48 -12 -40
v 44 -8 -40
v 48 -8 -40
v 44 -12 -40
v 56 -12 -40
v 52 -8 -40
v 56 -8 -40
v 52 -12 -40
v 60 -12 -40
v 56 -8 -40
v 60 -8 -40
v 56 -12 -40
v 64 -12 -40
v 60 -8 -40
v 64 -8 -40
v 60 -12 -40
v 68 -12 -40
v 64 -8 -40
v 68 -8 -40
v 64 -12 -40
v 52 -12 -40
v 48 -8 -40
v 52 -8 -40
v 48 -12 -40
v 28 -12 -40
v 32 -12 -36
v 28 -12 -36
v 32 -12 -40
v 32 -12 -40
v 36 -12 -36
v 32 -12 -36
v 36 -12 -40
v 36 -12 -40
v 40 -12 -36
v 36 -12 -36
v 40 -12 -40
v 40 -12 -40
v 44 -12 -36
v 40 -12 -36
v 44 -12 -40
v 44 -12 -40
v 48 -12 -36
v 44 -12 -36
v 48 -12 -40
v 48 -12 -40
v 52 -12 -36
v 48 -12 -36
v 52 -12 -40
v 52 -12 -40
v 56 -12 -36
v 52 -12 -36
v 56 -12 -40
v 56 -12 -40
v 60 -12 -36
v 56 -12 -36
v 60 -12 -40
v 60 -12 -40
v 64 -12 -36
v 60 -12 -36
v 64 -12 -40
v 64 -12 -40
v 68 -12 -36
v 64 -12 -36
v 68 -12 -40
v 68 -12 -36
v 68 -8 -40
v 68 -8 -36
v 68 -12 -40
v 64 -12 -36
v 68 -8 -36
v 64 -8 -36
v 68 -12 -36
v 60 -12 -36
v 64 -8 -36
v 60 -8 -36
v 64 -12 -36
v 56 -12 -36
v 60 -8 -36
v 56 -8 -36
v 60 -12 -36
v 52 -12 -36
v 56 -8 -36
v 52 -8 -36
v 56 -12 -36
v 48 -12 -36
v 52 -8 -36
v 48 -8 -36
v 52 -12 -36
v 44 -12 -36
v 48 -8 -36
v 44 -8 -36
v 48 -12 -36
v 40 -12 -36
v 44 -8 -36
v 40 -8 -36
v 44 -12 -36
v 36 -12 -36
v 40 -8 -36
v 36 -8 -36
v 40 -12 -36
v 32 -12 -36
v 36 -8 -36
v 32 -8 -36
v 36 -12 -36
v 28 -12 -36
v 32 -8 -36
v 28 -8 -36
v 32 -12 -36
v 36 -8 -36
v 40 -8 -40
v 36 -8 -40
v 40 -8 -36
v 32 -8 -36
v 36 -8 -40
v 32 -8 -40
v 36 -8 -36
v 28 -8 -36
v 32 -8 -40
v 28 -8 -40
v 32 -8 -36
v 40 -8 -36
v 44 -8 -40
v 40 -8 -40
v 44 -8 -36
v 44 -8 -36
v 48 -8 -40
v 44 -8 -40
v 48 -8 -36
v 48 -8 -36
v 52 -8 -40
v 48 -8 -40
v 52 -8 -36
v 52 -8 -36
v 56 -8 -40
v 52 -8 -40
v 56 -8 -36
v 64 -8 -36
v 68 -8 -40
v 64 -8 -40
v 68 -8 -36
v 60 -8 -36
v 64 -8 -40
v 60 -8 -40
v 64 -8 -36
v 56 -8 -36
v 60 -8 -40
v 56 -8 -40
v 60 -8 -36
v 24 -12 -28
v 24 -8 -32
v 24 -8 -28
v 24 -12 -32
v 24 -12 -20
v 24 -8 -24
v 24 -8 -20
v 24 -12 -24
v 24 -12 -24
v 24 -8 -28
v 24 -8 -24
v 24 -12 -28
v 24 -12 -16
v 24 -8 -20
v 24 -8 -16
v 24 -12 -20
v 24 -12 -12
v 24 -8 -16
v 24 -8 -12
v 24 -12 -16
v 24 -12 -4
v 24 -8 -8
v 24 -8 -4
v 24 -12 -8
v 24 -12 0
v 24 -8 -4
v 24 -8 0
v 24 -12 -4
v 24 -12 4
v 24 -8 0
v 24 -8 4
v 24 -12 0
v 24 -12 8
v 24 -8 4
v 24 -8 8
v 24 -12 4
v 24 -12 -8
v 24 -8 -12
v 24 -8 -8
v 24 -12 -12
v 20 -8 -28
v 24 -8 -32
v 20 -8 -32
v 24 -8 -28
v 20 -8 -24
v 24 -8 -28
v 20 -8 -28
v 24 -8 -24
v 20 -8 -20
v 24 -8 -24
v 20 -8 -24
v 24 -8 -20
v 20 -8 -12
v 24 -8 -16
v 20 -8 -16
v 24 -8 -12
v 20 -8 -16
v 24 -8 -20
v 20 -8 -20
v 24 -8 -16
v 20 -8 -8
v 24 -8 -12
v 20 -8 -12
v 24 -8 -8
v 20 -8 -4
v 24 -8 -8
v 20 -8 -8
v 24 -8 -4
v 20 -8 0
v 24 -8 -4
v 20 -8 -4
v 24 -8 0
v 20 -8 4
v 24 -8 0
v 20 -8 0
v 24 -8 4
v 20 -8 8
v 24 -8 4
v 20 -8 4
v 24 -8 8
v 20 -12 8
v 24 -8 8
v 20 -8 8
v 24 -12 8
v 20 -12 4
v 20 -8 8
v 20 -8 4
v 20 -12 8
v 20 -12 0
v 20 -8 4
v 20 -8 0
v 20 -12 4
v 20 -12 -4
v 20 -8 0
v 20 -8 -4
v 20 -12 0
v 20 -12 -8
v 20 -8 -4
v 20 -8 -8
v 20 -12 -4
v 20 -12 -12
v 20 -8 -8
v 20 -8 -12
v 20 -12 -8
v 20 -12 -16
v 20 -8 -12
v 20 -8 -16
v 20 -12 -12
v 20 -12 -20
v 20 -8 -16
v 20 -8 -20
v 20 -12 -16
v 20 -12 -24
v 20 -8 -20
v 20 -8 -24
v 20 -12 -20
v 20 -12 -28
v 20 -8 -24
v 20 -8 -28
v 20 -12 -24
v 20 -12 -32
v 20 -8 -28
v 20 -8 -32
v 20 -12 -28
v 20 -12 -32
v 24 -12 -28
v 20 -12 -28
v 24 -12 -32
v 20 -12 -28
v 24 -12 -24
v 20 -12 -24
v 24 -12 -28
v 20 -12 -24
v 24 -12 -20
v 20 -12 -20
v 24 -12 -24
v 20 -12 -20
v 24 -12 -16
v 20 -12 -16
v 24 -12 -20
v 20 -12 -16
v 24 -12 -12
v 20 -12 -12
v 24 -12 -16
v 20 -12 -12
v 24 -12 -8
v 20 -12 -8
v 24 -12 -12
v 20 -12 -8
v 24 -12 -4
v 20 -12 -4
v 24 -12 -8
v 20 -12 -4
v 24 -12 0
v 20 -12 0
v 24 -12 -4
v 20 -12 0
v 24 -12 4
v 20 -12 4
v 24 -12 0
v 20 -12 4
v 24 -12 8
v 20 -12 8
v 24 -12 4
v 0 -16 -32
v 4 -16 -28
v 0 -16 -28
v 4 -16 -32
v 4 -16 -32
v 8 -16 -28
v 4 -16 -28
v 8 -16 -32
v 4 -16 -28
v 8 -16 -24
v 4 -16 -24
v 8 -16 -28
v 8 -16 -28
v 12 -16 -24
v 8 -16 -24
v 12 -16 -28
v 8 -16 -24
v 12 -16 -20
v 8 -16 -20
v 12 -16 -24
v 12 -16 -24
v 16 -16 -20
v 12 -16 -20
v 16 -16 -24
v 12 -16 -20
v 16 -16 -16
v 12 -16 -16
v 16 -16 -20
v 16 -16 -20
v 20 -16 -16
v 16 -16 -16
v 20 -16 -20
v 0 -16 -36
v 4 -16 -32
v 0 -16 -32
v 4 -16 -36
v 0 -16 -44
v 4 -16 -40
v 0 -16 -40
v 4 -16 -44
v 0 -16 -48
v 4 -16 -44
v 0 -16 -44
v 4 -16 -48
v 4 -16 -48
v 8 -16 -44
v 4 -16 -44
v 8 -16 -48
v 8 -16 -52
v 12 -16 -48
v 8 -16 -48
v 12 -16 -52
v 4 -16 -52
v 8 -16 -48
v 4 -16 -48
v 8 -16 -52
v 8 -16 -56
v 12 -16 -52
v 8 -16 -52
v 12 -16 -56
v 12 -16 -56
v 16 -16 -52
v 12 -16 -52
v 16 -16 -56
v 12 -16 -60
v 16 -16 -56
v 12 -16 -56
v 16 -16 -60
v 16 -16 -60
v 20 -16 -56
v 16 -16 -56
v 20 -16 -60
v 24 -16 -60
v 28 -16 -56
v 24 -16 -56
v 28 -16 -60
v 28 -16 -60
v 32 -16 -56
v 28 -16 -56
v 32 -16 -60
v 28 -16 -56
v 32 -16 -52
v 28 -16 -52
v 32 -16 -56
v 32 -16 -56
v 36 -16 -52
v 32 -16 -52
v 36 -16 -56
v 32 -16 -52
v 36 -16 -48
v 32 -16 -48
v 36 -16 -52
v 36 -16 -52
v 40 -16 -48
v 36 -16 -48
v 40 -16 -52
v 36 -16 -48
v 40 -16 -44
v 36 -16 -44
v 40 -16 -48
v 40 -16 -48
v 44 -16 -44
v 40 -16 -44
v 44 -16 -48
v 40 -16 -44
v 44 -16 -40
v 40 -16 -40
v 44 -16 -44
v 40 -16 -36
v 44 -16 -32
v 40 -16 -32
v 44 -16 -36
v 40 -16 -32
v 44 -16 -28
v 40 -16 -28
v 44 -16 -32
v 36 -16 -32
v 40 -16 -28
v 36 -16 -28
v 40 -16 -32
v 36 -16 -28
v 40 -16 -24
v 36 -16 -24
v 40 -16 -28
v 32 -16 -28
v 36 -16 -24
v 32 -16 -24
v 36 -16 -28
v 32 -16 -24
v 36 -16 -20
v 32 -16 -20
v 36 -16 -24
v 28 -16 -24
v 32 -16 -20
v 28 -16 -20
v 32 -16 -24
v 28 -16 -20
v 32 -16 -16
v 28 -16 -16
v 32 -16 -20
v 24 -16 -20
v 28 -16 -16
v 24 -16 -16
v 28 -16 -20
v 20 -16 -20
v 24 -16 -16
v 20 -16 -16
v 24 -16 -20
v 20 -16 -24
v 24 -16 -20
v 20 -16 -20
v 24 -16 -24
v 20 -16 -28
v 24 -16 -24
v 20 -16 -24
v 24 -16 -28
v 20 -16 -32
v 24 -16 -28
v 20 -16 -28
v 24 -16 -32
v 20 -16 -36
v 24 -16 -32
v 20 -16 -32
v 24 -16 -36
v 20 -16 -40
v 24 -16 -36
v 20 -16 -36
v 24 -16 -40
v 20 -16 -44
v 24 -16 -40
v 20 -16 -40
v 24 -16 -44
v 20 -16 -48
v 24 -16 -44
v 20 -16 -44
v 24 -16 -48
v 20 -16 -52
v 24 -16 -48
v 20 -16 -48
v 24 -16 -52
v 20 -16 -56
v 24 -16 -52
v 20 -16 -52
v 24 -16 -56
v 20 -16 -60
v 24 -16 -56
v 20 -16 -56
v 24 -16 -60
v 16 -16 -56
v 20 -16 -52
v 16 -16 -52
v 20 -16 -56
v 16 -16 -52
v 20 -16 -48
v 16 -16 -48
v 20 -16 -52
v 12 -16 -52
v 16 -16 -48
v 12 -16 -48
v 16 -16 -52
v 12 -16 -48
v 16 -16 -44
v 12 -16 -44
v 16 -16 -48
v 8 -16 -48
v 12 -16 -44
v 8 -16 -44
v 12 -16 -48
v 8 -16 -44
v 12 -16 -40
v 8 -16 -40
v 12 -16 -44
v 4 -16 -44
v 8 -16 -40
v 4 -16 -40
v 8 -16 -44
v 4 -16 -40
v 8 -16 -36
v 4 -16 -36
v 8 -16 -40
v 0 -16 -40
v 4 -16 -36
v 0 -16 -36
v 4 -16 -40
v 4 -16 -36
v 8 -16 -32
v 4 -16 -32
v 8 -16 -36
v 8 -16 -32
v 12 -16 -28
v 8 -16 -28
v 12 -16 -32
v 8 -16 -36
v 12 -16 -32
v 8 -16 -32
v 12 -16 -36
v 12 -16 -36
v 16 -16 -32
v 12 -16 -32
v 16 -16 -36
v 12 -16 -32
v 16 -16 -28
v 12 -16 -28
v 16 -16 -32
v 12 -16 -28
v 16 -16 -24
v 12 -16 -24
v 16 -16 -28
v 16 -16 -28
v 20 -16 -24
v 16 -16 -24
v 20 -16 -28
v 16 -16 -24
v 20 -16 -20
v 16 -16 -20
v 20 -16 -24
v 24 -16 -24
v 28 -16 -20
v 24 -16 -20
v 28 -16 -24
v 24 -16 -28
v 28 -16 -24
v 24 -16 -24
v 28 -16 -28
v 28 -16 -28
v 32 -16 -24
v 28 -16 -24
v 32 -16 -28
v 28 -16 -32
v 32 -16 -28
v 28 -16 -28
v 32 -16 -32
v 32 -16 -32
v 36 -16 -28
v 32 -16 -28
v 36 -16 -32
v 32 -16 -36
v 36 -16 -32
v 32 -16 -32
v 36 -16 -36
v 36 -16 -36
v 40 -16 -32
v 36 -16 -32
v 40 -16 -36
v 36 -16 -40
v 40 -16 -36
v 36 -16 -36
v 40 -16 -40
v 40 -16 -40
v 44 -16 -36
v 40 -16 -36
v 44 -16 -40
v 36 -16 -44
v 40 -16 -40
v 36 -16 -40
v 40 -16 -44
v 32 -16 -44
v 36 -16 -40
v 32 -16 -40
v 36 -16 -44
v 32 -16 -40
v 36 -16 -36
v 32 -16 -36
v 36 -16 -40
v 28 -16 -40
v 32 -16 -36
v 28 -16 -36
v 32 -16 -40
v 24 -16 -40
v 28 -16 -36
v 24 -16 -36
v 28 -16 -40
v 16 -16 -44
v 20 -16 -40
v 16 -16 -40
v 20 -16 -44
v 16 -16 -40
v 20 -16 -36
v 16 -16 -36
v 20 -16 -40
v 12 -16 -40
v 16 -16 -36
v 12 -16 -36
v 16 -16 -40
v 8 -16 -40
v 12 -16 -36
v 8 -16 -36
v 12 -16 -40
v 28 -16 -36
v 32 -16 -32
v 28 -16 -32
v 32 -16 -36
v 24 -16 -36
v 28 -16 -32
v 24 -16 -32
v 28 -16 -36
v 16 -16 -36
v 20 -16 -32
v 16 -16 -32
v 20 -16 -36
v 16 -16 -32
v 20 -16 -28
v 16 -16 -28
v 20 -16 -32
v 24 -16 -32
v 28 -16 -28
v 24 -16 -28
v 28 -16 -32
v 24 -16 -44
v 28 -16 -40
v 24 -16 -40
v 28 -16 -44
v 24 -16 -48
v 28 -16 -44
v 24 -16 -44
v 28 -16 -48
v 16 -16 -48
v 20 -16 -44
v 16 -16 -44
v 20 -16 -48
v 24 -16 -56
v 28 -16 -52
v 24 -16 -52
v 28 -16 -56
v 24 -16 -52
v 28 -16 -48
v 24 -16 -48
v 28 -16 -52
v 28 -16 -52
v 32 -16 -48
v 28 -16 -48
v 32 -16 -52
v 28 -16 -48
v 32 -16 -44
v 28 -16 -44
v 32 -16 -48
v 32 -16 -48
v 36 -16 -44
v 32 -16 -44
v 36 -16 -48
v 28 -16 -44
v 32 -16 -40
v 28 -16 -40
v 32 -16 -44
v 12 -16 -44
v 16 -16 -40
v 12 -16 -40
v 16 -16 -44
v 20 -20 -16
v 24 -16 -16
v 20 -16 -16
v 24 -20 -16
v 44 -20 -36
v 44 -16 -40
v 44 -16 -36
v 44 -20 -40
v 24 -20 -60
v 20 -16 -60
v 24 -16 -60
v 20 -20 -60
v 0 -20 -40
v 0 -16 -36
v 0 -16 -40
v 0 -20 -36
v 0 -20 -32
v 0 -16 -28
v 0 -16 -32
v 0 -20 -28
v 0 -20 -36
v 0 -16 -32
v 0 -16 -36
v 0 -20 -32
v 0 -20 -48
v 0 -16 -44
v 0 -16 -48
v 0 -20 -44
v 0 -20 -44
v 0 -16 -40
v 0 -16 -44
v 0 -20 -40
v 16 -20 -60
v 12 -16 -60
v 16 -16 -60
v 12 -20 -60
v 20 -20 -60
v 16 -16 -60
v 20 -16 -60
v 16 -20 -60
v 32 -20 -60
v 28 -16 -60
v 32 -16 -60
v 28 -20 -60
v 28 -20 -60
v 24 -16 -60
v 28 -16 -60
v 24 -20 -60
v 36 -20 -56
v 32 -16 -56
v 36 -16 -56
v 32 -20 -56
v 12 -20 -56
v 8 -16 -56
v 12 -16 -56
v 8 -20 -56
v 8 -20 -52
v 4 -16 -52
v 8 -16 -52
v 4 -20 -52
v 40 -20 -52
v 36 -16 -52
v 40 -16 -52
v 36 -20 -52
v 44 -20 -48
v 40 -16 -48
v 44 -16 -48
v 40 -20 -48
v 4 -20 -48
v 0 -16 -48
v 4 -16 -48
v 0 -20 -48
v 4 -20 -28
v 4 -16 -24
v 4 -16 -28
v 4 -20 -24
v 4 -20 -52
v 4 -16 -48
v 4 -16 -52
v 4 -20 -48
v 8 -20 -24
v 8 -16 -20
v 8 -16 -24
v 8 -20 -20
v 8 -20 -56
v 8 -16 -52
v 8 -16 -56
v 8 -20 -52
v 12 -20 -60
v 12 -16 -56
v 12 -16 -60
v 12 -20 -56
v 12 -20 -20
v 12 -16 -16
v 12 -16 -20
v 12 -20 -16
v 24 -20 -16
v 28 -16 -16
v 24 -16 -16
v 28 -20 -16
v 28 -20 -16
v 32 -16 -16
v 28 -16 -16
v 32 -20 -16
v 16 -20 -16
v 20 -16 -16
v 16 -16 -16
v 20 -20 -16
v 12 -20 -16
v 16 -16 -16
v 12 -16 -16
v 16 -20 -16
v 8 -20 -20
v 12 -16 -20
v 8 -16 -20
v 12 -20 -20
v 32 -20 -20
v 36 -16 -20
v 32 -16 -20
v 36 -20 -20
v 4 -20 -24
v 8 -16 -24
v 4 -16 -24
v 8 -20 -24
v 36 -20 -24
v 40 -16 -24
v 36 -16 -24
v 40 -20 -24
v 40 -20 -28
v 44 -16 -28
v 40 -16 -28
v 44 -20 -28
v 0 -20 -28
v 4 -16 -28
v 0 -16 -28
v 4 -20 -28
v 44 -20 -28
v 44 -16 -32
v 44 -16 -28
v 44 -20 -32
v 44 -20 -32
v 44 -16 -36
v 44 -16 -32
v 44 -20 -36
v 44 -20 -40
v 44 -16 -44
v 44 -16 -40
v 44 -20 -44
v 44 -20 -44
v 44 -16 -48
v 44 -16 -44
v 44 -20 -48
v 40 -20 -48
v 40 -16 -52
v 40 -16 -48
v 40 -20 -52
v 40 -20 -24
v 40 -16 -28
v 40 -16 -24
v 40 -20 -28
v 36 -20 -20
v 36 -16 -24
v 36 -16 -20
v 36 -20 -24
v 36 -20 -52
v 36 -16 -56
v 36 -16 -52
v 36 -20 -56
v 32 -20 -56
v 32 -16 -60
v 32 -16 -56
v 32 -20 -60
v 32 -20 -16
v 32 -16 -20
v 32 -16 -16
v 32 -20 -20
v 24 -20 -20
v 28 -20 -16
v 24 -20 -16
v 28 -20 -20
v 28 -20 -20
v 32 -20 -16
v 28 -20 -16
v 32 -20 -20
v 28 -20 -24
v 32 -20 -20
v 28 -20 -20
v 32 -20 -24
v 32 -20 -24
v 36 -20 -20
v 32 -20 -20
v 36 -20 -24
v 32 -20 -28
v 36 -20 -24
v 32 -20 -24
v 36 -20 -28
v 36 -20 -28
v 40 -20 -24
v 36 -20 -24
v 40 -20 -28
v 36 -20 -32
v 40 -20 -28
v 36 -20 -28
v 40 -20 -32
v 40 -20 -32
v 44 -20 -28
v 40 -20 -28
v 44 -20 -32
v 40 -20 -36
v 44 -20 -32
v 40 -20 -32
v 44 -20 -36
v 40 -20 -44
v 44 -20 -40
v 40 -20 -40
v 44 -20 -44
v 40 -20 -48
v 44 -20 -44
v 40 -20 -44
v 44 -20 -48
v 36 -20 -48
v 40 -20 -44
v 36 -20 -44
v 40 -20 -48
v 36 -20 -52
v 40 -20 -48
v 36 -20 -48
v 40 -20 -52
v 32 -20 -52
v 36 -20 -48
v 32 -20 -48
v 36 -20 -52
v 32 -20 -56
v 36 -20 -52
v 32 -20 -52
v 36 -20 -56
v 28 -20 -56
v 32 -20 -52
v 28 -20 -52
v 32 -20 -56
v 28 -20 -60
v 32 -20 -56
v 28 -20 -56
v 32 -20 -60
v 24 -20 -60
v 28 -20 -56
v 24 -20 -56
v 28 -20 -60
v 16 -20 -60
v 20 -20 -56
v 16 -20 -56
v 20 -20 -60
v 12 -20 -60
v 16 -20 -56
v 12 -20 -56
v 16 -20 -60
v 12 -20 -56
v 16 -20 -52
v 12 -20 -52
v 16 -20 -56
v 8 -20 -56
v 12 -20 -52
v 8 -20 -52
v 12 -20 -56
v 8 -20 -52
v 12 -20 -48
v 8 -20 -48
v 12 -20 -52
v 4 -20 -52
v 8 -20 -48
v 4 -20 -48
v 8 -20 -52
v 4 -20 -48
v 8 -20 -44
v 4 -20 -44
v 8 -20 -48
v 0 -20 -48
v 4 -20 -44
v 0 -20 -44
v 4 -20 -48
v 0 -20 -44
v 4 -20 -40
v 0 -20 -40
v 4 -20 -44
v 0 -20 -36
v 4 -20 -32
v 0 -20 -32
v 4 -20 -36
v 0 -20 -32
v 4 -20 -28
v 0 -20 -28
v 4 -20 -32
v 4 -20 -32
v 8 -20 -28
v 4 -20 -28
v 8 -20 -32
v 4 -20 -28
v 8 -20 -24
v 4 -20 -24
v 8 -20 -28
v 8 -20 -28
v 12 -20 -24
v 8 -20 -24
v 12 -20 -28
v 8 -20 -24
v 12 -20 -20
v 8 -20 -20
v 12 -20 -24
v 12 -20 -24
v 16 -20 -20
v 12 -20 -20
v 16 -20 -24
v 12 -20 -20
v 16 -20 -16
v 12 -20 -16
v 16 -20 -20
v 16 -20 -20
v 20 -20 -16
v 16 -20 -16
v 20 -20 -20
v 20 -20 -20
v 24 -20 -16
v 20 -20 -16
v 24 -20 -20
v 20 -20 -24
v 24 -20 -20
v 20 -20 -20
v 24 -20 -24
v 20 -20 -28
v 24 -20 -24
v 20 -20 -24
v 24 -20 -28
v 20 -20 -32
v 24 -20 -28
v 20 -20 -28
v 24 -20 -32
v 20 -20 -36
v 24 -20 -32
v 20 -20 -32
v 24 -20 -36
v 20 -20 -40
v 24 -20 -36
v 20 -20 -36
v 24 -20 -40
v 20 -20 -44
v 24 -20 -40
v 20 -20 -40
v 24 -20 -44
v 20 -20 -48
v 24 -20 -44
v 20 -20 -44
v 24 -20 -48
v 20 -20 -52
v 24 -20 -48
v 20 -20 -48
v 24 -20 -52
v 20 -20 -56
v 24 -20 -52
v 20 -20 -52
v 24 -20 -56
v 20 -20 -60
v 24 -20 -56
v 20 -20 -56
v 24 -20 -60
v 24 -20 -56
v 28 -20 -52
v 24 -20 -52
v 28 -20 -56
v 24 -20 -52
v 28 -20 -48
v 24 -20 -48
v 28 -20 -52
v 24 -20 -48
v 28 -20 -44
v 24 -20 -44
v 28 -20 -48
v 24 -20 -44
v 28 -20 -40
v 24 -20 -40
v 28 -20 -44
v 24 -20 -40
v 28 -20 -36
v 24 -20 -36
v 28 -20 -40
v 24 -20 -36
v 28 -20 -32
v 24 -20 -32
v 28 -20 -36
v 24 -20 -32
v 28 -20 -28
v 24 -20 -28
v 28 -20 -32
v 24 -20 -28
v 28 -20 -24
v 24 -20 -24
v 28 -20 -28
v 24 -20 -24
v 28 -20 -20
v 24 -20 -20
v 28 -20 -24
v 28 -20 -28
v 32 -20 -24
v 28 -20 -24
v 32 -20 -28
v 28 -20 -32
v 32 -20 -28
v 28 -20 -28
v 32 -20 -32
v 28 -20 -36
v 32 -20 -32
v 28 -20 -32
v 32 -20 -36
v 28 -20 -40
v 32 -20 -36
v 28 -20 -36
v 32 -20 -40
v 28 -20 -44
v 32 -20 -40
v 28 -20 -40
v 32 -20 -44
v 28 -20 -48
v 32 -20 -44
v 28 -20 -44
v 32 -20 -48
v 28 -20 -52
v 32 -20 -48
v 28 -20 -48
v 32 -20 -52
v 32 -20 -48
v 36 -20 -44
v 32 -20 -44
v 36 -20 -48
v 32 -20 -44
v 36 -20 -40
v 32 -20 -40
v 36 -20 -44
v 32 -20 -40
v 36 -20 -36
v 32 -20 -36
v 36 -20 -40
v 32 -20 -36
v 36 -20 -32
v 32 -20 -32
v 36 -20 -36
v 32 -20 -32
v 36 -20 -28
v 32 -20 -28
v 36 -20 -32
v 36 -20 -36
v 40 -20 -32
v 36 -20 -32
v 40 -20 -36
v 36 -20 -40
v 40 -20 -36
v 36 -20 -36
v 40 -20 -40
v 36 -20 -44
v 40 -20 -40
v 36 -20 -40
v 40 -20 -44
v 40 -20 -40
v 44 -20 -36
v 40 -20 -36
v 44 -20 -40
v 0 -20 -40
v 4 -20 -36
v 0 -20 -36
v 4 -20 -40
v 4 -20 -40
v 8 -20 -36
v 4 -20 -36
v 8 -20 -40
v 4 -20 -36
v 8 -20 -32
v 4 -20 -32
v 8 -20 -36
v 4 -20 -44
v 8 -20 -40
v 4 -20 -40
v 8 -20 -44
v 8 -20 -44
v 12 -20 -40
v 8 -20 -40
v 12 -20 -44
v 8 -20 -48
v 12 -20 -44
v 8 -20 -44
v 12 -20 -48
v 8 -20 -40
v 12 -20 -36
v 8 -20 -36
v 12 -20 -40
v 8 -20 -36
v 12 -20 -32
v 8 -20 -32
v 12 -20 -36
v 8 -20 -32
v 12 -20 -28
v 8 -20 -28
v 12 -20 -32
v 12 -20 -32
v 16 -20 -28
v 12 -20 -28
v 16 -20 -32
v 12 -20 -28
v 16 -20 -24
v 12 -20 -24
v 16 -20 -28
v 12 -20 -36
v 16 -20 -32
v 12 -20 -32
v 16 -20 -36
v 12 -20 -40
v 16 -20 -36
v 12 -20 -36
v 16 -20 -40
v 12 -20 -44
v 16 -20 -40
v 12 -20 -40
v 16 -20 -44
v 12 -20 -48
v 16 -20 -44
v 12 -20 -44
v 16 -20 -48
v 12 -20 -52
v 16 -20 -48
v 12 -20 -48
v 16 -20 -52
v 16 -20 -52
v 20 -20 -48
v 16 -20 -48
v 20 -20 -52
v 16 -20 -56
v 20 -20 -52
v 16 -20 -52
v 20 -20 -56
v 16 -20 -48
v 20 -20 -44
v 16 -20 -44
v 20 -20 -48
v 16 -20 -44
v 20 -20 -40
v 16 -20 -40
v 20 -20 -44
v 16 -20 -40
v 20 -20 -36
v 16 -20 -36
v 20 -20 -40
v 16 -20 -36
v 20 -20 -32
v 16 -20 -32
v 20 -20 -36
v 16 -20 -32
v 20 -20 -28
v 16 -20 -28
v 20 -20 -32
v 16 -20 -28
v 20 -20 -24
v 16 -20 -24
v 20 -20 -28
v 16 -20 -24
v 20 -20 -20
v 16 -20 -20
v 20 -20 -24
v 28 -24 -24
v 32 -20 -24
v 28 -20 -24
v 32 -24 -24
v 24 -24 -24
v 28 -20 -24
v 24 -20 -24
v 28 -24 -24
v 20 -24 -24
v 24 -20 -24
v 20 -20 -24
v 24 -24 -24
v 16 -24 -24
v 20 -20 -24
v 16 -20 -24
v 20 -24 -24
v 12 -24 -24
v 16 -20 -24
v 12 -20 -24
v 16 -24 -24
v 32 -24 -24
v 32 -20 -28
v 32 -20 -24
v 32 -24 -28
v 32 -24 -48
v 32 -20 -52
v 32 -20 -48
v 32 -24 -52
v 36 -24 -28
v 36 -20 -32
v 36 -20 -28
v 36 -24 -32
v 36 -24 -32
v 36 -20 -36
v 36 -20 -32
v 36 -24 -36
v 36 -24 -36
v 36 -20 -40
v 36 -20 -36
v 36 -24 -40
v 36 -24 -40
v 36 -20 -44
v 36 -20 -40
v 36 -24 -44
v 36 -24 -44
v 36 -20 -48
v 36 -20 -44
v 36 -24 -48
v 32 -24 -28
v 36 -20 -28
v 32 -20 -28
v 36 -24 -28
v 8 -24 -28
v 12 -20 -28
v 8 -20 -28
v 12 -24 -28
v 36 -24 -48
v 32 -20 -48
v 36 -20 -48
v 32 -24 -48
v 12 -24 -48
v 8 -20 -48
v 12 -20 -48
v 8 -24 -48
v 32 -24 -52
v 28 -20 -52
v 32 -20 -52
v 28 -24 -52
v 28 -24 -52
v 24 -20 -52
v 28 -20 -52
v 24 -24 -52
v 24 -24 -52
v 20 -20 -52
v 24 -20 -52
v 20 -24 -52
v 20 -24 -52
v 16 -20 -52
v 20 -20 -52
v 16 -24 -52
v 16 -24 -52
v 12 -20 -52
v 16 -20 -52
v 12 -24 -52
v 12 -24 -52
v 12 -20 -48
v 12 -20 -52
v 12 -24 -48
v 12 -24 -28
v 12 -20 -24
v 12 -20 -28
v 12 -24 -24
v 8 -24 -48
v 8 -20 -44
v 8 -20 -48
v 8 -24 -44
v 8 -24 -44
v 8 -20 -40
v 8 -20 -44
v 8 -24 -40
v 8 -24 -40
v 8 -20 -36
v 8 -20 -40
v 8 -24 -36
v 8 -24 -36
v 8 -20 -32
v 8 -20 -36
v 8 -24 -32
v 8 -24 -32
v 8 -20 -28
v 8 -20 -32
v 8 -24 -28
v 8 -24 -48
v 12 -24 -44
v 8 -24 -44
v 12 -24 -48
v 8 -24 -44
v 12 -24 -40
v 8 -24 -40
v 12 -24 -44
v 8 -24 -40
v 12 -24 -36
v 8 -24 -36
v 12 -24 -40
v 8 -24 -36
v 12 -24 -32
v 8 -24 -32
v 12 -24 -36
v 8 -24 -32
v 12 -24 -28
v 8 -24 -28
v 12 -24 -32
v 12 -24 -32
v 16 -24 -28
v 12 -24 -28
v 16 -24 -32
v 12 -24 -28
v 16 -24 -24
v 12 -24 -24
v 16 -24 -28
v 16 -24 -28
v 20 -24 -24
v 16 -24 -24
v 20 -24 -28
v 20 -24 -28
v 24 -24 -24
v 20 -24 -24
v 24 -24 -28
v 24 -24 -28
v 28 -24 -24
v 24 -24 -24
v 28 -24 -28
v 28 -24 -28
v 32 -24 -24
v 28 -24 -24
v 32 -24 -28
v 28 -24 -32
v 32 -24 -28
v 28 -24 -28
v 32 -24 -32
v 32 -24 -32
v 36 -24 -28
v 32 -24 -28
v 36 -24 -32
v 32 -24 -36
v 36 -24 -32
v 32 -24 -32
v 36 -24 -36
v 32 -24 -40
v 36 -24 -36
v 32 -24 -36
v 36 -24 -40
v 32 -24 -44
v 36 -24 -40
v 32 -24 -40
v 36 -24 -44
v 32 -24 -48
v 36 -24 -44
v 32 -24 -44
v 36 -24 -48
v 28 -24 -48
v 32 -24 -44
v 28 -24 -44
v 32 -24 -48
v 28 -24 -52
v 32 -24 -48
v 28 -24 -48
v 32 -24 -52
v 24 -24 -52
v 28 -24 -48
v 24 -24 -48
v 28 -24 -52
v 20 -24 -52
v 24 -24 -48
v 20 -24 -48
v 24 -24 -52
v 16 -24 -52
v 20 -24 -48
v 16 -24 -48
v 20 -24 -52
v 12 -24 -52
v 16 -24 -48
v 12 -24 -48
v 16 -24 -52
v 12 -24 -48
v 16 -24 -44
v 12 -24 -44
v 16 -24 -48
v 16 -24 -48
v 20 -24 -44
v 16 -24 -44
v 20 -24 -48
v 20 -24 -48
v 24 -24 -44
v 20 -24 -44
v 24 -24 -48
v 24 -24 -48
v 28 -24 -44
v 24 -24 -44
v 28 -24 -48
v 24 -24 -44
v 28 -24 -40
v 24 -24 -40
v 28 -24 -44
v 20 -24 -44
v 24 -24 -40
v 20 -24 -40
v 24 -24 -44
v 16 -24 -44
v 20 -24 -40
v 16 -24 -40
v 20 -24 -44
v 12 -24 -44
v 16 -24 -40
v 12 -24 -40
v 16 -24 -44
v 12 -24 -40
v 16 -24 -36
v 12 -24 -36
v 16 -24 -40
v 16 -24 -40
v 20 -24 -36
v 16 -24 -36
v 20 -24 -40
v 28 -24 -44
v 32 -24 -40
v 28 -24 -40
v 32 -24 -44
v 28 -24 -40
v 32 -24 -36
v 28 -24 -36
v 32 -24 -40
v 24 -24 -40
v 28 -24 -36
v 24 -24 -36
v 28 -24 -40
v 20 -24 -40
v 24 -24 -36
v 20 -24 -36
v 24 -24 -40
v 12 -24 -36
v 16 -24 -32
v 12 -24 -32
v 16 -24 -36
v 16 -24 -36
v 20 -24 -32
v 16 -24 -32
v 20 -24 -36
v 20 -24 -36
v 24 -24 -32
v 20 -24 -32
v 24 -24 -36
v 24 -24 -36
v 28 -24 -32
v 24 -24 -32
v 28 -24 -36
v 28 -24 -36
v 32 -24 -32
v 28 -24 -32
v 32 -24 -36
v 24 -24 -32
v 28 -24 -28
v 24 -24 -28
v 28 -24 -32
v 16 -24 -32
v 20 -24 -28
v 16 -24 -28
v 20 -24 -32
v 20 -24 -32
v 24 -24 -28
v 20 -24 -28
v 24 -24 -32
v 12 -28 -48
v 12 -24 -44
v 12 -24 -48
v 12 -28 -44
v 12 -36 -44
v 12 -32 -40
v 12 -32 -44
v 12 -36 -40
v 12 -44 -36
v 12 -40 -32
v 12 -40 -36
v 12 -44 -32
v 12 -40 -48
v 12 -36 -44
v 12 -36 -48
v 12 -40 -44
v 12 -44 -48
v 12 -40 -44
v 12 -40 -48
v 12 -44 -44
v 12 -48 -48
v 12 -44 -44
v 12 -44 -48
v 12 -48 -44
v 12 -48 -44
v 12 -44 -40
v 12 -44 -44
v 12 -48 -40
v 12 -28 -44
v 12 -24 -40
v 12 -24 -44
v 12 -28 -40
v 12 -28 -40
v 12 -24 -36
v 12 -24 -40
v 12 -28 -36
v 12 -28 -36
v 12 -24 -32
v 12 -24 -36
v 12 -28 -32
v 12 -28 -32
v 12 -24 -28
v 12 -24 -32
v 12 -28 -28
v 12 -36 -48
v 12 -32 -44
v 12 -32 -48
v 12 -36 -44
v 12 -32 -48
v 12 -28 -44
v 12 -28 -48
v 12 -32 -44
v 12 -36 -36
v 12 -32 -32
v 12 -32 -36
v 12 -36 -32
v 12 -32 -32
v 12 -28 -28
v 12 -28 -32
v 12 -32 -28
v 24 -32 -48
v 20 -28 -48
v 24 -28 -48
v 20 -32 -48
v 12 -44 -44
v 12 -40 -40
v 12 -40 -44
v 12 -44 -40
v 12 -40 -36
v 12 -36 -32
v 12 -36 -36
v 12 -40 -32
v 12 -36 -32
v 12 -32 -28
v 12 -32 -32
v 12 -36 -28
v 12 12 -40
v 12 16 -36
v 12 16 -40
v 12 12 -36
v 12 -40 -44
v 12 -36 -40
v 12 -36 -44
v 12 -40 -40
v 12 -32 -36
v 12 -28 -32
v 12 -28 -36
v 12 -32 -32
v 12 -40 -32
v 12 -36 -28
v 12 -36 -32
v 12 -40 -28
v 24 -40 -48
v 20 -36 -48
v 24 -36 -48
v 20 -40 -48
v 12 -32 -44
v 12 -28 -40
v 12 -28 -44
v 12 -32 -40
v 12 -44 -40
v 12 -40 -36
v 12 -40 -40
v 12 -44 -36
v 12 -44 -32
v 12 -40 -28
v 12 -40 -32
v 12 -44 -28
v 12 -48 -40
v 12 -44 -36
v 12 -44 -40
v 12 -48 -36
v 12 -48 -36
v 12 -44 -32
v 12 -44 -36
v 12 -48 -32
v 12 -48 -32
v 12 -44 -28
v 12 -44 -32
v 12 -48 -28
v 32 -28 -48
v 28 -24 -48
v 32 -24 -48
v 28 -28 -48
v 28 -28 -48
v 24 -24 -48
v 28 -24 -48
v 24 -28 -48
v 24 -28 -48
v 20 -24 -48
v 24 -24 -48
v 20 -28 -48
v 20 -28 -48
v 16 -24 -48
v 20 -24 -48
v 16 -28 -48
v 16 -28 -48
v 12 -24 -48
v 16 -24 -48
v 12 -28 -48
v 32 -32 -48
v 28 -28 -48
v 32 -28 -48
v 28 -32 -48
v 28 -44 -48
v 24 -40 -48
v 28 -40 -48
v 24 -44 -48
v 28 -32 -48
v 24 -28 -48
v 28 -28 -48
v 24 -32 -48
v 28 -40 -48
v 24 -36 -48
v 28 -36 -48
v 24 -40 -48
v 16 -32 -48
v 12 -28 -48
v 16 -28 -48
v 12 -32 -48
v 32 -36 -48
v 28 -32 -48
v 32 -32 -48
v 28 -36 -48
v 20 -32 -48
v 16 -28 -48
v 20 -28 -48
v 16 -32 -48
v 20 -44 -48
v 16 -40 -48
v 20 -40 -48
v 16 -44 -48
v 20 -36 -48
v 16 -32 -48
v 20 -32 -48
v 16 -36 -48
v 16 -36 -48
v 12 -32 -48
v 16 -32 -48
v 12 -36 -48
v 32 -40 -48
v 28 -36 -48
v 32 -36 -48
v 28 -40 -48
v 24 -44 -48
v 20 -40 -48
v 24 -40 -48
v 20 -44 -48
v 24 -36 -48
v 20 -32 -48
v 24 -32 -48
v 20 -36 -48
v 20 -40 -48
v 16 -36 -48
v 20 -36 -48
v 16 -40 -48
v 16 -40 -48
v 12 -36 -48
v 16 -36 -48
v 12 -40 -48
v 32 -44 -48
v 28 -40 -48
v 32 -40 -48
v 28 -44 -48
v 28 -36 -48
v 24 -32 -48
v 28 -32 -48
v 24 -36 -48
v 28 16 -48
v 24 20 -48
v 28 20 -48
v 24 16 -48
v 24 8 -48
v 20 12 -48
v 24 12 -48
v 20 8 -48
v 16 -44 -48
v 12 -40 -48
v 16 -40 -48
v 12 -44 -48
v 32 -48 -48
v 28 -44 -48
v 32 -44 -48
v 28 -48 -48
v 28 -48 -48
v 24 -44 -48
v 28 -44 -48
v 24 -48 -48
v 24 -48 -48
v 20 -44 -48
v 24 -44 -48
v 20 -48 -48
v 20 -48 -48
v 16 -44 -48
v 20 -44 -48
v 16 -48 -48
v 16 -48 -48
v 12 -44 -48
v 16 -44 -48
v 12 -48 -48
v 32 -28 -28
v 32 -24 -32
v 32 -24 -28
v 32 -28 -32
v 32 -28 -32
v 32 -24 -36
v 32 -24 -32
v 32 -28 -36
v 32 -28 -36
v 32 -24 -40
v 32 -24 -36
v 32 -28 -40
v 32 -28 -40
v 32 -24 -44
v 32 -24 -40
v 32 -28 -44
v 32 -28 -44
v 32 -24 -48
v 32 -24 -44
v 32 -28 -48
v 32 -32 -28
v 32 -28 -32
v 32 -28 -28
v 32 -32 -32
v 16 -40 -28
v 20 -36 -28
v 16 -36 -28
v 20 -40 -28
v 32 -36 -36
v 32 -32 -40
v 32 -32 -36
v 32 -36 -40
v 32 -32 -36
v 32 -28 -40
v 32 -28 -36
v 32 -32 -40
v 32 -32 -44
v 32 -28 -48
v 32 -28 -44
v 32 -32 -48
v 32 -36 -28
v 32 -32 -32
v 32 -32 -28
v 32 -36 -32
v 32 -40 -32
v 32 -36 -36
v 32 -36 -32
v 32 -40 -36
v 32 -36 -32
v 32 -32 -36
v 32 -32 -32
v 32 -36 -36
v 32 -44 -32
v 32 -40 -36
v 32 -40 -32
v 32 -44 -36
v 32 -36 -44
v 32 -32 -48
v 32 -32 -44
v 32 -36 -48
v 32 -40 -28
v 32 -36 -32
v 32 -36 -28
v 32 -40 -32
v 32 -44 -40
v 32 -40 -44
v 32 -40 -40
v 32 -44 -44
v 32 -44 -36
v 32 -40 -40
v 32 -40 -36
v 32 -44 -40
v 32 -32 -32
v 32 -28 -36
v 32 -28 -32
v 32 -32 -36
v 32 -40 -44
v 32 -36 -48
v 32 -36 -44
v 32 -40 -48
v 32 -44 -28
v 32 -40 -32
v 32 -40 -28
v 32 -44 -32
v 32 16 -40
v 32 20 -44
v 32 20 -40
v 32 16 -44
v 32 -32 -40
v 32 -28 -44
v 32 -28 -40
v 32 -32 -44
v 32 -40 -36
v 32 -36 -40
v 32 -36 -36
v 32 -40 -40
v 32 -44 -44
v 32 -40 -48
v 32 -40 -44
v 32 -44 -48
v 32 -48 -28
v 32 -44 -32
v 32 -44 -28
v 32 -48 -32
v 32 -48 -32
v 32 -44 -36
v 32 -44 -32
v 32 -48 -36
v 32 -48 -36
v 32 -44 -40
v 32 -44 -36
v 32 -48 -40
v 32 -48 -40
v 32 -44 -44
v 32 -44 -40
v 32 -48 -44
v 32 -48 -44
v 32 -44 -48
v 32 -44 -44
v 32 -48 -48
v 28 -28 -28
v 32 -24 -28
v 28 -24 -28
v 32 -28 -28
v 24 -32 -28
v 28 -28 -28
v 24 -28 -28
v 28 -32 -28
v 24 -36 -28
v 28 -32 -28
v 24 -32 -28
v 28 -36 -28
v 20 -32 -28
v 24 -28 -28
v 20 -28 -28
v 24 -32 -28
v 20 -44 -28
v 24 -40 -28
v 20 -40 -28
v 24 -44 -28
v 16 -32 -28
v 20 -28 -28
v 16 -28 -28
v 20 -32 -28
v 16 -48 -28
v 20 -44 -28
v 16 -44 -28
v 20 -48 -28
v 12 -48 -28
v 16 -44 -28
v 12 -44 -28
v 16 -48 -28
v 12 -44 -28
v 16 -40 -28
v 12 -40 -28
v 16 -44 -28
v 16 -36 -28
v 20 -32 -28
v 16 -32 -28
v 20 -36 -28
v 12 -28 -28
v 16 -24 -28
v 12 -24 -28
v 16 -28 -28
v 16 4 -28
v 20 8 -28
v 16 8 -28
v 20 4 -28
v 12 -40 -40
v 12 -36 -36
v 12 -36 -40
v 12 -40 -36
v 24 -40 -28
v 28 -36 -28
v 24 -36 -28
v 28 -40 -28
v 20 -36 -28
v 24 -32 -28
v 20 -32 -28
v 24 -36 -28
v 24 -48 -28
v 28 -44 -28
v 24 -44 -28
v 28 -48 -28
v 28 -48 -28
v 32 -44 -28
v 28 -44 -28
v 32 -48 -28
v 20 -48 -28
v 24 -44 -28
v 20 -44 -28
v 24 -48 -28
v 16 -28 -28
v 20 -24 -28
v 16 -24 -28
v 20 -28 -28
v 20 -28 -28
v 24 -24 -28
v 20 -24 -28
v 24 -28 -28
v 24 -28 -28
v 28 -24 -28
v 24 -24 -28
v 28 -28 -28
v 12 -32 -28
v 16 -28 -28
v 12 -28 -28
v 16 -32 -28
v 16 -44 -28
v 20 -40 -28
v 16 -40 -28
v 20 -44 -28
v 28 -32 -28
v 32 -28 -28
v 28 -28 -28
v 32 -32 -28
v 12 -36 -28
v 16 -32 -28
v 12 -32 -28
v 16 -36 -28
v 28 -36 -28
v 32 -32 -28
v 28 -32 -28
v 32 -36 -28
v 12 -40 -28
v 16 -36 -28
v 12 -36 -28
v 16 -40 -28
v 24 -44 -28
v 28 -40 -28
v 24 -40 -28
v 28 -44 -28
v 28 -40 -28
v 32 -36 -28
v 28 -36 -28
v 32 -40 -28
v 28 -44 -28
v 32 -40 -28
v 28 -40 -28
v 32 -44 -28
v 28 -48 -32
v 32 -48 -28
v 28 -48 -28
v 32 -48 -32
v 24 -48 -32
v 28 -48 -28
v 24 -48 -28
v 28 -48 -32
v 20 -48 -36
v 24 -48 -32
v 20 -48 -32
v 24 -48 -36
v 16 -48 -32
v 20 -48 -28
v 16 -48 -28
v 20 -48 -32
v 12 -48 -32
v 16 -48 -28
v 12 -48 -28
v 16 -48 -32
v 12 -48 -36
v 16 -48 -32
v 12 -48 -32
v 16 -48 -36
v 16 -48 -40
v 20 -48 -36
v 16 -48 -36
v 20 -48 -40
v 12 -48 -44
v 16 -48 -40
v 12 -48 -40
v 16 -48 -44
v 12 -48 -48
v 16 -48 -44
v 12 -48 -44
v 16 -48 -48
v 16 -48 -48
v 20 -48 -44
v 16 -48 -44
v 20 -48 -48
v 20 -48 -44
v 24 -48 -40
v 20 -48 -40
v 24 -48 -44
v 24 -48 -48
v 28 -48 -44
v 24 -48 -44
v 28 -48 -48
v 28 -48 -48
v 32 -48 -44
v 28 -48 -44
v 32 -48 -48
v 28 -48 -44
v 32 -48 -40
v 28 -48 -40
v 32 -48 -44
v 24 -48 -40
v 28 -48 -36
v 24 -48 -36
v 28 -48 -40
v 28 -48 -36
v 32 -48 -32
v 28 -48 -32
v 32 -48 -36
v 24 -48 -44
v 28 -48 -40
v 24 -48 -40
v 28 -48 -44
v 28 -48 -40
v 32 -48 -36
v 28 -48 -36
v 32 -48 -40
v 20 -48 -48
v 24 -48 -44
v 20 -48 -44
v 24 -48 -48
v 20 -48 -32
v 24 -48 -28
v 20 -48 -28
v 24 -48 -32
v 16 -48 -36
v 20 -48 -32
v 16 -48 -32
v 20 -48 -36
v 20 -48 -40
v 24 -48 -36
v 20 -48 -36
v 24 -48 -40
v 24 -48 -36
v 28 -48 -32
v 24 -48 -32
v 28 -48 -36
v 12 -48 -40
v 16 -48 -36
v 12 -48 -36
v 16 -48 -40
v 16 -48 -44
v 20 -48 -40
v 16 -48 -40
v 20 -48 -44
v 28 -52 -32
v 28 -48 -36
v 28 -48 -32
v 28 -52 -36
v 28 -52 -36
v 28 -48 -40
v 28 -48 -36
v 28 -52 -40
v 28 -52 -40
v 28 -48 -44
v 28 -48 -40
v 28 -52 -44
v 28 -56 -32
v 28 -52 -36
v 28 -52 -32
v 28 -56 -36
v 28 -56 -36
v 28 -52 -40
v 28 -52 -36
v 28 -56 -40
v 28 -56 -40
v 28 -52 -44
v 28 -52 -40
v 28 -56 -44
v 28 -60 -32
v 28 -56 -36
v 28 -56 -32
v 28 -60 -36
v 28 -60 -36
v 28 -56 -40
v 28 -56 -36
v 28 -60 -40
v 28 -60 -40
v 28 -56 -44
v 28 -56 -40
v 28 -60 -44
v 28 -64 -32
v 28 -60 -36
v 28 -60 -32
v 28 -64 -36
v 28 -64 -36
v 28 -60 -40
v 28 -60 -36
v 28 -64 -40
v 28 -64 -40
v 28 -60 -44
v 28 -60 -40
v 28 -64 -44
v 28 -68 -32
v 28 -64 -36
v 28 -64 -32
v 28 -68 -36
v 28 -68 -36
v 28 -64 -40
v 28 -64 -36
v 28 -68 -40
v 28 -68 -40
v 28 -64 -44
v 28 -64 -40
v 28 -68 -44
v 28 -72 -32
v 28 -68 -36
v 28 -68 -32
v 28 -72 -36
v 28 -72 -36
v 28 -68 -40
v 28 -68 -36
v 28 -72 -40
v 28 -72 -40
v 28 -68 -44
v 28 -68 -40
v 28 -72 -44
v 16 -52 -32
v 20 -48 -32
v 16 -48 -32
v 20 -52 -32
v 20 -52 -32
v 24 -48 -32
v 20 -48 -32
v 24 -52 -32
v 24 -52 -32
v 28 -48 -32
v 24 -48 -32
v 28 -52 -32
v 16 -56 -32
v 20 -52 -32
v 16 -52 -32
v 20 -56 -32
v 20 -56 -32
v 24 -52 -32
v 20 -52 -32
v 24 -56 -32
v 24 -56 -32
v 28 -52 -32
v 24 -52 -32
v 28 -56 -32
v 16 -60 -32
v 20 -56 -32
v 16 -56 -32
v 20 -60 -32
v 20 -60 -32
v 24 -56 -32
v 20 -56 -32
v 24 -60 -32
v 24 -60 -32
v 28 -56 -32
v 24 -56 -32
v 28 -60 -32
v 16 -64 -32
v 20 -60 -32
v 16 -60 -32
v 20 -64 -32
v 20 -64 -32
v 24 -60 -32
v 20 -60 -32
v 24 -64 -32
v 24 -64 -32
v 28 -60 -32
v 24 -60 -32
v 28 -64 -32
v 16 -68 -32
v 20 -64 -32
v 16 -64 -32
v 20 -68 -32
v 20 -68 -32
v 24 -64 -32
v 20 -64 -32
v 24 -68 -32
v 24 -68 -32
v 28 -64 -32
v 24 -64 -32
v 28 -68 -32
v 16 -72 -32
v 20 -68 -32
v 16 -68 -32
v 20 -72 -32
v 20 -72 -32
v 24 -68 -32
v 20 -68 -32
v 24 -72 -32
v 24 -72 -32
v 28 -68 -32
v 24 -68 -32
v 28 -72 -32
v 28 -52 -44
v 24 -48 -44
v 28 -48 -44
v 24 -52 -44
v 24 -52 -44
v 20 -48 -44
v 24 -48 -44
v 20 -52 -44
v 20 -52 -44
v 16 -48 -44
v 20 -48 -44
v 16 -52 -44
v 28 -56 -44
v 24 -52 -44
v 28 -52 -44
v 24 -56 -44
v 24 -56 -44
v 20 -52 -44
v 24 -52 -44
v 20 -56 -44
v 20 -56 -44
v 16 -52 -44
v 20 -52 -44
v 16 -56 -44
v 28 -60 -44
v 24 -56 -44
v 28 -56 -44
v 24 -60 -44
v 24 -60 -44
v 20 -56 -44
v 24 -56 -44
v 20 -60 -44
v 20 -60 -44
v 16 -56 -44
v 20 -56 -44
v 16 -60 -44
v 28 -64 -44
v 24 -60 -44
v 28 -60 -44
v 24 -64 -44
v 24 -64 -44
v 20 -60 -44
v 24 -60 -44
v 20 -64 -44
v 20 -64 -44
v 16 -60 -44
v 20 -60 -44
v 16 -64 -44
v 28 -68 -44
v 24 -64 -44
v 28 -64 -44
v 24 -68 -44
v 24 -68 -44
v 20 -64 -44
v 24 -64 -44
v 20 -68 -44
v 20 -68 -44
v 16 -64 -44
v 20 -64 -44
v 16 -68 -44
v 28 -72 -44
v 24 -68 -44
v 28 -68 -44
v 24 -72 -44
v 24 -72 -44
v 20 -68 -44
v 24 -68 -44
v 20 -72 -44
v 20 -72 -44
v 16 -68 -44
v 20 -68 -44
v 16 -72 -44
v 16 -52 -44
v 16 -48 -40
v 16 -48 -44
v 16 -52 -40
v 16 -52 -40
v 16 -48 -36
v 16 -48 -40
v 16 -52 -36
v 16 -52 -36
v 16 -48 -32
v 16 -48 -36
v 16 -52 -32
v 16 -56 -44
v 16 -52 -40
v 16 -52 -44
v 16 -56 -40
v 16 -56 -40
v 16 -52 -36
v 16 -52 -40
v 16 -56 -36
v 16 -56 -36
v 16 -52 -32
v 16 -52 -36
v 16 -56 -32
v 16 -60 -44
v 16 -56 -40
v 16 -56 -44
v 16 -60 -40
v 16 -60 -40
v 16 -56 -36
v 16 -56 -40
v 16 -60 -36
v 16 -60 -36
v 16 -56 -32
v 16 -56 -36
v 16 -60 -32
v 16 -64 -44
v 16 -60 -40
v 16 -60 -44
v 16 -64 -40
v 16 -64 -40
v 16 -60 -36
v 16 -60 -40
v 16 -64 -36
v 16 -64 -36
v 16 -60 -32
v 16 -60 -36
v 16 -64 -32
v 16 -68 -44
v 16 -64 -40
v 16 -64 -44
v 16 -68 -40
v 16 -68 -40
v 16 -64 -36
v 16 -64 -40
v 16 -68 -36
v 16 -68 -36
v 16 -64 -32
v 16 -64 -36
v 16 -68 -32
v 16 -72 -44
v 16 -68 -40
v 16 -68 -44
v 16 -72 -40
v 16 -72 -40
v 16 -68 -36
v 16 -68 -40
v 16 -72 -36
v 16 -72 -36
v 16 -68 -32
v 16 -68 -36
v 16 -72 -32
v 16 -72 -36
v 20 -72 -32
v 16 -72 -32
v 20 -72 -36
v 20 -72 -36
v 24 -72 -32
v 20 -72 -32
v 24 -72 -36
v 24 -72 -36
v 28 -72 -32
v 24 -72 -32
v 28 -72 -36
v 16 -72 -40
v 20 -72 -36
v 16 -72 -36
v 20 -72 -40
v 20 -72 -40
v 24 -72 -36
v 20 -72 -36
v 24 -72 -40
v 24 -72 -40
v 28 -72 -36
v 24 -72 -36
v 28 -72 -40
v 16 -72 -44
v 20 -72 -40
v 16 -72 -40
v 20 -72 -44
v 20 -72 -44
v 24 -72 -40
v 20 -72 -40
v 24 -72 -44
v 24 -72 -44
v 28 -72 -40
v 24 -72 -40
v 28 -72 -44
v 20 -12 -80
v 16 -8 -80
v 20 -8 -80
v 16 -12 -80
v 16 -12 -80
v 12 -8 -80
v 16 -8 -80
v 12 -12 -80
v 12 -12 -80
v 8 -8 -80
v 12 -8 -80
v 8 -12 -80
v 28 -12 -80
v 24 -8 -80
v 28 -8 -80
v 24 -12 -80
v 32 -12 -80
v 28 -8 -80
v 32 -8 -80
v 28 -12 -80
v 36 -12 -80
v 32 -8 -80
v 36 -8 -80
v 32 -12 -80
v 16 -8 -76
v 20 -8 -80
v 16 -8 -80
v 20 -8 -76
v 12 -8 -76
v 16 -8 -80
v 12 -8 -80
v 16 -8 -76
v 8 -8 -76
v 12 -8 -80
v 8 -8 -80
v 12 -8 -76
v 24 -8 -76
v 28 -8 -80
v 24 -8 -80
v 28 -8 -76
v 28 -8 -76
v 32 -8 -80
v 28 -8 -80
v 32 -8 -76
v 32 -8 -76
v 36 -8 -80
v 32 -8 -80
v 36 -8 -76
v 8 -8 -72
v 12 -8 -76
v 8 -8 -76
v 12 -8 -72
v 4 -8 -72
v 8 -8 -76
v 4 -8 -76
v 8 -8 -72
v 0 -8 -72
v 4 -8 -76
v 0 -8 -76
v 4 -8 -72
v 0 -8 -68
v 4 -8 -72
v 0 -8 -72
v 4 -8 -68
v -4 -8 -68
v 0 -8 -72
v -4 -8 -72
v 0 -8 -68
v -4 -8 -64
v 0 -8 -68
v -4 -8 -68
v 0 -8 -64
v -8 -8 -64
v -4 -8 -68
v -8 -8 -68
v -4 -8 -64
v -20 -8 -40
v -16 -8 -44
v -20 -8 -44
v -16 -8 -40
v -20 -8 -44
v -16 -8 -48
v -20 -8 -48
v -16 -8 -44
v -20 -8 -48
v -16 -8 -52
v -20 -8 -52
v -16 -8 -48
v -20 -8 -32
v -16 -8 -36
v -20 -8 -36
v -16 -8 -32
v -20 -8 -28
v -16 -8 -32
v -20 -8 -32
v -16 -8 -28
v -20 -8 -24
v -16 -8 -28
v -20 -8 -28
v -16 -8 -24
v -16 -8 -48
v -12 -8 -52
v -16 -8 -52
v -12 -8 -48
v -16 -8 -52
v -12 -8 -56
v -16 -8 -56
v -12 -8 -52
v -16 -8 -56
v -12 -8 -60
v -16 -8 -60
v -12 -8 -56
v -12 -8 -56
v -8 -8 -60
v -12 -8 -60
v -8 -8 -56
v -12 -8 -60
v -8 -8 -64
v -12 -8 -64
v -8 -8 -60
v -8 -8 -60
v -4 -8 -64
v -8 -8 -64
v -4 -8 -60
v -16 -8 -24
v -12 -8 -28
v -16 -8 -28
v -12 -8 -24
v -16 -8 -20
v -12 -8 -24
v -16 -8 -24
v -12 -8 -20
v -16 -8 -16
v -12 -8 -20
v -16 -8 -20
v -12 -8 -16
v -12 -8 -16
v -8 -8 -20
v -12 -8 -20
v -8 -8 -16
v -12 -8 -12
v -8 -8 -16
v -12 -8 -16
v -8 -8 -12
v -8 -8 -12
v -4 -8 -16
v -8 -8 -16
v -4 -8 -12
v -8 -8 -8
v -4 -8 -12
v -8 -8 -12
v -4 -8 -8
v 16 -8 4
v 20 -8 0
v 16 -8 0
v 20 -8 4
v 12 -8 4
v 16 -8 0
v 12 -8 0
v 16 -8 4
v 8 -8 4
v 12 -8 0
v 8 -8 0
v 12 -8 4
v 8 -8 0
v 12 -8 -4
v 8 -8 -4
v 12 -8 0
v 4 -8 0
v 8 -8 -4
v 4 -8 -4
v 8 -8 0
v 0 -8 0
v 4 -8 -4
v 0 -8 -4
v 4 -8 0
v 0 -8 -4
v 4 -8 -8
v 0 -8 -8
v 4 -8 -4
v -4 -8 -4
v 0 -8 -8
v -4 -8 -8
v 0 -8 -4
v -4 -8 -8
v 0 -8 -12
v -4 -8 -12
v 0 -8 -8
v 24 -8 4
v 28 -8 0
v 24 -8 0
v 28 -8 4
v 28 -8 4
v 32 -8 0
v 28 -8 0
v 32 -8 4
v 32 -8 4
v 36 -8 0
v 32 -8 0
v 36 -8 4
v 32 -8 0
v 36 -8 -4
v 32 -8 -4
v 36 -8 0
v 36 -8 0
v 40 -8 -4
v 36 -8 -4
v 40 -8 0
v 40 -8 0
v 44 -8 -4
v 40 -8 -4
v 44 -8 0
v 40 -8 -4
v 44 -8 -8
v 40 -8 -8
v 44 -8 -4
v 44 -8 -4
v 48 -8 -8
v 44 -8 -8
v 48 -8 -4
v 44 -8 -8
v 48 -8 -12
v 44 -8 -12
v 48 -8 -8
v 48 -8 -8
v 52 -8 -12
v 48 -8 -12
v 52 -8 -8
v 48 -8 -12
v 52 -8 -16
v 48 -8 -16
v 52 -8 -12
v 52 -8 -12
v 56 -8 -16
v 52 -8 -16
v 56 -8 -12
v 52 -8 -16
v 56 -8 -20
v 52 -8 -20
v 56 -8 -16
v 56 -8 -16
v 60 -8 -20
v 56 -8 -20
v 60 -8 -16
v 56 -8 -20
v 60 -8 -24
v 56 -8 -24
v 60 -8 -20
v 56 -8 -24
v 60 -8 -28
v 56 -8 -28
v 60 -8 -24
v 60 -8 -24
v 64 -8 -28
v 60 -8 -28
v 64 -8 -24
v 60 -8 -28
v 64 -8 -32
v 60 -8 -32
v 64 -8 -28
v 60 -8 -32
v 64 -8 -36
v 60 -8 -36
v 64 -8 -32
v 60 -8 -40
v 64 -8 -44
v 60 -8 -44
v 64 -8 -40
v 60 -8 -44
v 64 -8 -48
v 60 -8 -48
v 64 -8 -44
v 60 -8 -48
v 64 -8 -52
v 60 -8 -52
v 64 -8 -48
v 56 -8 -48
v 60 -8 -52
v 56 -8 -52
v 60 -8 -48
v 56 -8 -52
v 60 -8 -56
v 56 -8 -56
v 60 -8 -52
v 56 -8 -56
v 60 -8 -60
v 56 -8 -60
v 60 -8 -56
v 52 -8 -56
v 56 -8 -60
v 52 -8 -60
v 56 -8 -56
v 52 -8 -60
v 56 -8 -64
v 52 -8 -64
v 56 -8 -60
v 48 -8 -60
v 52 -8 -64
v 48 -8 -64
v 52 -8 -60
v 48 -8 -64
v 52 -8 -68
v 48 -8 -68
v 52 -8 -64
v 44 -8 -64
v 48 -8 -68
v 44 -8 -68
v 48 -8 -64
v 44 -8 -68
v 48 -8 -72
v 44 -8 -72
v 48 -8 -68
v 40 -8 -68
v 44 -8 -72
v 40 -8 -72
v 44 -8 -68
v 40 -8 -72
v 44 -8 -76
v 40 -8 -76
v 44 -8 -72
v 36 -8 -72
v 40 -8 -76
v 36 -8 -76
v 40 -8 -72
v 32 -8 -72
v 36 -8 -76
v 32 -8 -76
v 36 -8 -72
v 8 -12 -76
v 4 -8 -76
v 8 -8 -76
v 4 -12 -76
v 4 -12 -76
v 0 -8 -76
v 4 -8 -76
v 0 -12 -76
v 44 -12 -76
v 40 -8 -76
v 44 -8 -76
v 40 -12 -76
v 40 -12 -76
v 36 -8 -76
v 40 -8 -76
v 36 -12 -76
v 0 -12 -72
v -4 -8 -72
v 0 -8 -72
v -4 -12 -72
v 48 -12 -72
v 44 -8 -72
v 48 -8 -72
v 44 -12 -72
v 52 -12 -68
v 48 -8 -68
v 52 -8 -68
v 48 -12 -68
v -4 -12 -68
v -8 -8 -68
v -4 -8 -68
v -8 -12 -68
v -8 -12 -64
v -12 -8 -64
v -8 -8 -64
v -12 -12 -64
v 56 -12 -64
v 52 -8 -64
v 56 -8 -64
v 52 -12 -64
v 60 -12 -60
v 56 -8 -60
v 60 -8 -60
v 56 -12 -60
v -12 -12 -60
v -16 -8 -60
v -12 -8 -60
v -16 -12 -60
v -16 -12 -52
v -20 -8 -52
v -16 -8 -52
v -20 -12 -52
v 64 -12 -52
v 60 -8 -52
v 64 -8 -52
v 60 -12 -52
v -20 -12 -52
v -20 -8 -48
v -20 -8 -52
v -20 -12 -48
v -20 -12 -48
v -20 -8 -44
v -20 -8 -48
v -20 -12 -44
v -20 -12 -44
v -20 -8 -40
v -20 -8 -44
v -20 -12 -40
v -20 -12 -36
v -20 -8 -32
v -20 -8 -36
v -20 -12 -32
v -20 -12 -32
v -20 -8 -28
v -20 -8 -32
v -20 -12 -28
v -20 -12 -28
v -20 -8 -24
v -20 -8 -28
v -20 -12 -24
v -16 -12 -56
v -16 -8 -52
v -16 -8 -56
v -16 -12 -52
v -16 -12 -24
v -16 -8 -20
v -16 -8 -24
v -16 -12 -20
v -16 -12 -20
v -16 -8 -16
v -16 -8 -20
v -16 -12 -16
v -16 -12 -60
v -16 -8 -56
v -16 -8 -60
v -16 -12 -56
v -12 -12 -64
v -12 -8 -60
v -12 -8 -64
v -12 -12 -60
v -12 -12 -16
v -12 -8 -12
v -12 -8 -16
v -12 -12 -12
v -8 -12 -12
v -8 -8 -8
v -8 -8 -12
v -8 -12 -8
v -8 -12 -68
v -8 -8 -64
v -8 -8 -68
v -8 -12 -64
v -4 -12 -72
v -4 -8 -68
v -4 -8 -72
v -4 -12 -68
v -4 -12 -8
v -4 -8 -4
v -4 -8 -8
v -4 -12 -4
v 0 -12 -4
v 0 -8 0
v 0 -8 -4
v 0 -12 0
v 0 -12 -76
v 0 -8 -72
v 0 -8 -76
v 0 -12 -72
v 8 -12 -80
v 8 -8 -76
v 8 -8 -80
v 8 -12 -76
v 8 -12 0
v 8 -8 4
v 8 -8 0
v 8 -12 4
v 8 -12 4
v 12 -8 4
v 8 -8 4
v 12 -12 4
v 12 -12 4
v 16 -8 4
v 12 -8 4
v 16 -12 4
v 16 -12 4
v 20 -8 4
v 16 -8 4
v 20 -12 4
v 24 -12 4
v 28 -8 4
v 24 -8 4
v 28 -12 4
v 28 -12 4
v 32 -8 4
v 28 -8 4
v 32 -12 4
v 32 -12 4
v 36 -8 4
v 32 -8 4
v 36 -12 4
v 4 -12 0
v 8 -8 0
v 4 -8 0
v 8 -12 0
v 0 -12 0
v 4 -8 0
v 0 -8 0
v 4 -12 0
v 40 -12 0
v 44 -8 0
v 40 -8 0
v 44 -12 0
v 36 -12 0
v 40 -8 0
v 36 -8 0
v 40 -12 0
v 44 -12 -4
v 48 -8 -4
v 44 -8 -4
v 48 -12 -4
v -4 -12 -4
v 0 -8 -4
v -4 -8 -4
v 0 -12 -4
v -8 -12 -8
v -4 -8 -8
v -8 -8 -8
v -4 -12 -8
v 48 -12 -8
v 52 -8 -8
v 48 -8 -8
v 52 -12 -8
v -12 -12 -12
v -8 -8 -12
v -12 -8 -12
v -8 -12 -12
v 52 -12 -12
v 56 -8 -12
v 52 -8 -12
v 56 -12 -12
v -16 -12 -16
v -12 -8 -16
v -16 -8 -16
v -12 -12 -16
v 56 -12 -16
v 60 -8 -16
v 56 -8 -16
v 60 -12 -16
v -20 -12 -24
v -16 -8 -24
v -20 -8 -24
v -16 -12 -24
v 60 -12 -24
v 64 -8 -24
v 60 -8 -24
v 64 -12 -24
v 64 -12 -48
v 64 -8 -52
v 64 -8 -48
v 64 -12 -52
v 64 -12 -44
v 64 -8 -48
v 64 -8 -44
v 64 -12 -48
v 64 -12 -40
v 64 -8 -44
v 64 -8 -40
v 64 -12 -44
v 64 -12 -32
v 64 -8 -36
v 64 -8 -32
v 64 -12 -36
v 64 -12 -28
v 64 -8 -32
v 64 -8 -28
v 64 -12 -32
v 64 -12 -24
v 64 -8 -28
v 64 -8 -24
v 64 -12 -28
v 60 -12 -20
v 60 -8 -24
v 60 -8 -20
v 60 -12 -24
v 60 -12 -16
v 60 -8 -20
v 60 -8 -16
v 60 -12 -20
v 60 -12 -52
v 60 -8 -56
v 60 -8 -52
v 60 -12 -56
v 60 -12 -56
v 60 -8 -60
v 60 -8 -56
v 60 -12 -60
v 56 -12 -12
v 56 -8 -16
v 56 -8 -12
v 56 -12 -16
v 56 -12 -60
v 56 -8 -64
v 56 -8 -60
v 56 -12 -64
v 52 -12 -64
v 52 -8 -68
v 52 -8 -64
v 52 -12 -68
v 52 -12 -8
v 52 -8 -12
v 52 -8 -8
v 52 -12 -12
v 48 -12 -4
v 48 -8 -8
v 48 -8 -4
v 48 -12 -8
v 48 -12 -68
v 48 -8 -72
v 48 -8 -68
v 48 -12 -72
v 44 -12 -72
v 44 -8 -76
v 44 -8 -72
v 44 -12 -76
v 44 -12 0
v 44 -8 -4
v 44 -8 0
v 44 -12 -4
v 36 -12 4
v 36 -8 0
v 36 -8 4
v 36 -12 0
v 36 -12 -76
v 36 -8 -80
v 36 -8 -76
v 36 -12 -80
v 32 -12 -76
v 36 -12 -72
v 32 -12 -72
v 36 -12 -76
v 36 -12 -76
v 40 -12 -72
v 36 -12 -72
v 40 -12 -76
v 40 -12 -76
v 44 -12 -72
v 40 -12 -72
v 44 -12 -76
v 40 -12 -72
v 44 -12 -68
v 40 -12 -68
v 44 -12 -72
v 44 -12 -72
v 48 -12 -68
v 44 -12 -68
v 48 -12 -72
v 44 -12 -68
v 48 -12 -64
v 44 -12 -64
v 48 -12 -68
v 48 -12 -68
v 52 -12 -64
v 48 -12 -64
v 52 -12 -68
v 48 -12 -64
v 52 -12 -60
v 48 -12 -60
v 52 -12 -64
v 52 -12 -64
v 56 -12 -60
v 52 -12 -60
v 56 -12 -64
v 52 -12 -60
v 56 -12 -56
v 52 -12 -56
v 56 -12 -60
v 56 -12 -60
v 60 -12 -56
v 56 -12 -56
v 60 -12 -60
v 56 -12 -56
v 60 -12 -52
v 56 -12 -52
v 60 -12 -56
v 56 -12 -52
v 60 -12 -48
v 56 -12 -48
v 60 -12 -52
v 60 -12 -52
v 64 -12 -48
v 60 -12 -48
v 64 -12 -52
v 60 -12 -48
v 64 -12 -44
v 60 -12 -44
v 64 -12 -48
v 60 -12 -44
v 64 -12 -40
v 60 -12 -40
v 64 -12 -44
v 60 -12 -36
v 64 -12 -32
v 60 -12 -32
v 64 -12 -36
v 60 -12 -32
v 64 -12 -28
v 60 -12 -28
v 64 -12 -32
v 60 -12 -28
v 64 -12 -24
v 60 -12 -24
v 64 -12 -28
v 56 -12 -28
v 60 -12 -24
v 56 -12 -24
v 60 -12 -28
v 56 -12 -24
v 60 -12 -20
v 56 -12 -20
v 60 -12 -24
v 56 -12 -20
v 60 -12 -16
v 56 -12 -16
v 60 -12 -20
v 52 -12 -20
v 56 -12 -16
v 52 -12 -16
v 56 -12 -20
v 52 -12 -16
v 56 -12 -12
v 52 -12 -12
v 56 -12 -16
v 48 -12 -16
v 52 -12 -12
v 48 -12 -12
v 52 -12 -16
v 48 -12 -12
v 52 -12 -8
v 48 -12 -8
v 52 -12 -12
v 44 -12 -12
v 48 -12 -8
v 44 -12 -8
v 48 -12 -12
v 44 -12 -8
v 48 -12 -4
v 44 -12 -4
v 48 -12 -8
v 40 -12 -8
v 44 -12 -4
v 40 -12 -4
v 44 -12 -8
v 40 -12 -4
v 44 -12 0
v 40 -12 0
v 44 -12 -4
v 36 -12 -4
v 40 -12 0
v 36 -12 0
v 40 -12 -4
v 32 -12 -4
v 36 -12 0
v 32 -12 0
v 36 -12 -4
v 32 -12 0
v 36 -12 4
v 32 -12 4
v 36 -12 0
v 28 -12 0
v 32 -12 4
v 28 -12 4
v 32 -12 0
v 24 -12 0
v 28 -12 4
v 24 -12 4
v 28 -12 0
v 16 -12 0
v 20 -12 4
v 16 -12 4
v 20 -12 0
v 12 -12 0
v 16 -12 4
v 12 -12 4
v 16 -12 0
v 8 -12 0
v 12 -12 4
v 8 -12 4
v 12 -12 0
v 8 -12 -4
v 12 -12 0
v 8 -12 0
v 12 -12 -4
v 4 -12 -4
v 8 -12 0
v 4 -12 0
v 8 -12 -4
v 0 -12 -4
v 4 -12 0
v 0 -12 0
v 4 -12 -4
v 0 -12 -8
v 4 -12 -4
v 0 -12 -4
v 4 -12 -8
v -4 -12 -8
v 0 -12 -4
v -4 -12 -4
v 0 -12 -8
v -4 -12 -12
v 0 -12 -8
v -4 -12 -8
v 0 -12 -12
v -8 -12 -12
v -4 -12 -8
v -8 -12 -8
v -4 -12 -12
v -8 -12 -16
v -4 -12 -12
v -8 -12 -12
v -4 -12 -16
v -12 -12 -16
v -8 -12 -12
v -12 -12 -12
v -8 -12 -16
v -12 -12 -20
v -8 -12 -16
v -12 -12 -16
v -8 -12 -20
v -16 -12 -20
v -12 -12 -16
v -16 -12 -16
v -12 -12 -20
v -16 -12 -24
v -12 -12 -20
v -16 -12 -20
v -12 -12 -24
v -16 -12 -28
v -12 -12 -24
v -16 -12 -24
v -12 -12 -28
v -20 -12 -28
v -16 -12 -24
v -20 -12 -24
v -16 -12 -28
v -20 -12 -32
v -16 -12 -28
v -20 -12 -28
v -16 -12 -32
v -16 -12 -28
v -16 -8 -32
v -16 -8 -28
v -16 -12 -32
v -20 -12 -44
v -16 -12 -40
v -20 -12 -40
v -16 -12 -44
v -20 -12 -48
v -16 -12 -44
v -20 -12 -44
v -16 -12 -48
v -20 -12 -52
v -16 -12 -48
v -20 -12 -48
v -16 -12 -52
v -16 -12 -52
v -12 -12 -48
v -16 -12 -48
v -12 -12 -52
v -16 -12 -56
v -12 -12 -52
v -16 -12 -52
v -12 -12 -56
v -16 -12 -60
v -12 -12 -56
v -16 -12 -56
v -12 -12 -60
v -12 -12 -60
v -8 -12 -56
v -12 -12 -56
v -8 -12 -60
v -12 -12 -64
v -8 -12 -60
v -12 -12 -60
v -8 -12 -64
v -8 -12 -64
v -4 -12 -60
v -8 -12 -60
v -4 -12 -64
v -8 -12 -68
v -4 -12 -64
v -8 -12 -64
v -4 -12 -68
v -4 -12 -68
v 0 -12 -64
v -4 -12 -64
v 0 -12 -68
v -4 -12 -72
v 0 -12 -68
v -4 -12 -68
v 0 -12 -72
v 0 -12 -72
v 4 -12 -68
v 0 -12 -68
v 4 -12 -72
v 0 -12 -76
v 4 -12 -72
v 0 -12 -72
v 4 -12 -76
v 4 -12 -76
v 8 -12 -72
v 4 -12 -72
v 8 -12 -76
v 8 -12 -76
v 12 -12 -72
v 8 -12 -72
v 12 -12 -76
v 8 -12 -80
v 12 -12 -76
v 8 -12 -76
v 12 -12 -80
v 12 -12 -80
v 16 -12 -76
v 12 -12 -76
v 16 -12 -80
v 16 -12 -80
v 20 -12 -76
v 16 -12 -76
v 20 -12 -80
v 24 -12 -80
v 28 -12 -76
v 24 -12 -76
v 28 -12 -80
v 28 -12 -80
v 32 -12 -76
v 28 -12 -76
v 32 -12 -80
v 32 -12 -80
v 36 -12 -76
v 32 -12 -76
v 36 -12 -80
v 20 -12 0
v 16 -8 0
v 20 -8 0
v 16 -12 0
v 16 -12 0
v 12 -8 0
v 16 -8 0
v 12 -12 0
v 32 -12 0
v 28 -8 0
v 32 -8 0
v 28 -12 0
v 28 -12 0
v 24 -8 0
v 28 -8 0
v 24 -12 0
v 36 -12 -4
v 32 -8 -4
v 36 -8 -4
v 32 -12 -4
v 40 -12 -4
v 36 -8 -4
v 40 -8 -4
v 36 -12 -4
v 12 -12 -4
v 8 -8 -4
v 12 -8 -4
v 8 -12 -4
v 8 -12 -4
v 4 -8 -4
v 8 -8 -4
v 4 -12 -4
v 4 -12 -8
v 0 -8 -8
v 4 -8 -8
v 0 -12 -8
v 44 -12 -8
v 40 -8 -8
v 44 -8 -8
v 40 -12 -8
v 48 -12 -12
v 44 -8 -12
v 48 -8 -12
v 44 -12 -12
v 0 -12 -12
v -4 -8 -12
v 0 -8 -12
v -4 -12 -12
v -4 -12 -16
v -8 -8 -16
v -4 -8 -16
v -8 -12 -16
v 52 -12 -16
v 48 -8 -16
v 52 -8 -16
v 48 -12 -16
v 56 -12 -20
v 52 -8 -20
v 56 -8 -20
v 52 -12 -20
v -8 -12 -20
v -12 -8 -20
v -8 -8 -20
v -12 -12 -20
v -12 -12 -28
v -16 -8 -28
v -12 -8 -28
v -16 -12 -28
v 60 -12 -28
v 56 -8 -28
v 60 -8 -28
v 56 -12 -28
v 32 -12 -4
v 32 -8 0
v 32 -8 -4
v 32 -12 0
v 32 -12 -76
v 32 -8 -72
v 32 -8 -76
v 32 -12 -72
v 40 -12 -72
v 40 -8 -68
v 40 -8 -72
v 40 -12 -68
v 40 -12 -8
v 40 -8 -4
v 40 -8 -8
v 40 -12 -4
v 44 -12 -12
v 44 -8 -8
v 44 -8 -12
v 44 -12 -8
v 44 -12 -68
v 44 -8 -64
v 44 -8 -68
v 44 -12 -64
v 48 -12 -64
v 48 -8 -60
v 48 -8 -64
v 48 -12 -60
v 48 -12 -16
v 48 -8 -12
v 48 -8 -16
v 48 -12 -12
v 52 -12 -20
v 52 -8 -16
v 52 -8 -20
v 52 -12 -16
v 52 -12 -60
v 52 -8 -56
v 52 -8 -60
v 52 -12 -56
v 56 -12 -56
v 56 -8 -52
v 56 -8 -56
v 56 -12 -52
v 56 -12 -24
v 56 -8 -20
v 56 -8 -24
v 56 -12 -20
v 56 -12 -28
v 56 -8 -24
v 56 -8 -28
v 56 -12 -24
v 56 -12 -52
v 56 -8 -48
v 56 -8 -52
v 56 -12 -48
v 60 -12 -48
v 60 -8 -44
v 60 -8 -48
v 60 -12 -44
v 60 -12 -44
v 60 -8 -40
v 60 -8 -44
v 60 -12 -40
v 60 -12 -36
v 60 -8 -32
v 60 -8 -36
v 60 -12 -32
v 60 -12 -32
v 60 -8 -28
v 60 -8 -32
v 60 -12 -28
v 56 -12 -48
v 60 -8 -48
v 56 -8 -48
v 60 -12 -48
v -16 -12 -48
v -12 -8 -48
v -16 -8 -48
v -12 -12 -48
v -12 -12 -56
v -8 -8 -56
v -12 -8 -56
v -8 -12 -56
v 52 -12 -56
v 56 -8 -56
v 52 -8 -56
v 56 -12 -56
v 48 -12 -60
v 52 -8 -60
v 48 -8 -60
v 52 -12 -60
v -8 -12 -60
v -4 -8 -60
v -8 -8 -60
v -4 -12 -60
v -4 -12 -64
v 0 -8 -64
v -4 -8 -64
v 0 -12 -64
v 44 -12 -64
v 48 -8 -64
v 44 -8 -64
v 48 -12 -64
v 40 -12 -68
v 44 -8 -68
v 40 -8 -68
v 44 -12 -68
v 0 -12 -68
v 4 -8 -68
v 0 -8 -68
v 4 -12 -68
v 4 -12 -72
v 8 -8 -72
v 4 -8 -72
v 8 -12 -72
v 36 -12 -72
v 40 -8 -72
v 36 -8 -72
v 40 -12 -72
v 32 -12 -72
v 36 -8 -72
v 32 -8 -72
v 36 -12 -72
v 8 -12 -72
v 12 -8 -72
v 8 -8 -72
v 12 -12 -72
v 12 -12 -76
v 16 -8 -76
v 12 -8 -76
v 16 -12 -76
v 16 -12 -76
v 20 -8 -76
v 16 -8 -76
v 20 -12 -76
v 24 -12 -76
v 28 -8 -76
v 24 -8 -76
v 28 -12 -76
v 28 -12 -76
v 32 -8 -76
v 28 -8 -76
v 32 -12 -76
v 12 -12 -72
v 12 -8 -76
v 12 -8 -72
v 12 -12 -76
v 12 -12 0
v 12 -8 -4
v 12 -8 0
v 12 -12 -4
v 4 -12 -68
v 4 -8 -72
v 4 -8 -68
v 4 -12 -72
v 4 -12 -4
v 4 -8 -8
v 4 -8 -4
v 4 -12 -8
v 0 -12 -8
v 0 -8 -12
v 0 -8 -8
v 0 -12 -12
v 0 -12 -64
v 0 -8 -68
v 0 -8 -64
v 0 -12 -68
v -4 -12 -60
v -4 -8 -64
v -4 -8 -60
v -4 -12 -64
v -4 -12 -12
v -4 -8 -16
v -4 -8 -12
v -4 -12 -16
v -8 -12 -16
v -8 -8 -20
v -8 -8 -16
v -8 -12 -20
v -8 -12 -56
v -8 -8 -60
v -8 -8 -56
v -8 -12 -60
v -12 -12 -52
v -12 -8 -56
v -12 -8 -52
v -12 -12 -56
v -12 -12 -48
v -12 -8 -52
v -12 -8 -48
v -12 -12 -52
v -12 -12 -20
v -12 -8 -24
v -12 -8 -20
v -12 -12 -24
v -12 -12 -24
v -12 -8 -28
v -12 -8 -24
v -12 -12 -28
v -16 -12 -44
v -16 -8 -48
v -16 -8 -44
v -16 -12 -48
v -16 -12 -40
v -16 -8 -44
v -16 -8 -40
v -16 -12 -44
v -16 -12 -32
v -16 -8 -36
v -16 -8 -32
v -16 -12 -36
v 24 8 -46
v 20 12 -46
v 24 12 -46
v 20 8 -46
v 12 -36 -40
v 12 -32 -36
v 12 -32 -40
v 12 -36 -36
vt 0.25 0.75
vt 0.5 1
vt 0.25 1
vt 0.5 0.75
vt 0.5 0.5
vt 0.75 0.75
vt 0.75 0.5
vt 1 1
vt 0.75 1
vt 1 0.75
vt 0 0.5
vt 0 0.75
vt 0.25 0.5
vt 0 0.25
vt 0.25 0.25
vt 0.5 0.25
vt 0.75 0.25
vt 1 0.5
vt 1 0.25
vn 0 1 0
vn 1 0 0
vn 0 0 1
vn 0 -1 0
vn 0 0 -1
vn -1 0 0
g Scene
usemtl ShipTiles
f 1/1/1 3/2/1 2/3/1
f 1/1/1 4/4/1 3/2/1
f 5/5/1 6/6/1 7/4/1
f 5/5/1 8/7/1 6/6/1
f 9/5/1 10/6/1 11/4/1
f 9/5/1 12/7/1 10/6/1
f 13/5/1 14/6/1 15/4/1
f 13/5/1 16/7/1 14/6/1
f 17/5/1 18/6/1 19/4/1
f 17/5/1 20/7/1 18/6/1
f 21/5/1 22/6/1 23/4/1
f 21/5/1 24/7/1 22/6/1
f 25/5/1 26/6/1 27/4/1
f 25/5/1 28/7/1 26/6/1
f 29/5/1 30/6/1 31/4/1
f 29/5/1 32/7/1 30/6/1
f 33/5/1 34/6/1 35/4/1
f 33/5/1 36/7/1 34/6/1
f 37/5/1 38/6/1 39/4/1
f 37/5/1 40/7/1 38/6/1
f 41/5/1 42/6/1 43/4/1
f 41/5/1 44/7/1 42/6/1
f 45/1/1 46/2/1 47/3/1
f 45/1/1 48/4/1 46/2/1
f 49/5/1 50/6/1 51/4/1
f 49/5/1 52/7/1 50/6/1
f 53/5/1 54/6/1 55/4/1
f 53/5/1 56/7/1 54/6/1
f 57/5/1 58/6/1 59/4/1
f 57/5/1 60/7/1 58/6/1
f 61/5/1 62/6/1 63/4/1
f 61/5/1 64/7/1 62/6/1
f 65/5/1 66/6/1 67/4/1
f 65/5/1 68/7/1 66/6/1
f 69/5/1 70/6/1 71/4/1
f 69/5/1 72/7/1 70/6/1
f 73/5/1 74/6/1 75/4/1
f 73/5/1 76/7/1 74/6/1
f 77/5/1 78/6/1 79/4/1
f 77/5/1 80/7/1 78/6/1
f 81/5/1 82/6/1 83/4/1
f 81/5/1 84/7/1 82/6/1
f 85/5/1 86/6/1 87/4/1
f 85/5/1 88/7/1 86/6/1
f 89/6/2 90/8/2 91/9/2
f 89/6/2 92/10/2 90/8/2
f 93/5/1 94/6/1 95/4/1
f 93/5/1 96/7/1 94/6/1
f 97/5/1 98/6/1 99/4/1
f 97/5/1 100/7/1 98/6/1
f 101/5/1 102/6/1 103/4/1
f 101/5/1 104/7/1 102/6/1
f 105/5/1 106/6/1 107/4/1
f 105/5/1 108/7/1 106/6/1
f 109/5/1 110/6/1 111/4/1
f 109/5/1 112/7/1 110/6/1
f 113/5/1 114/6/1 115/4/1
f 113/5/1 116/7/1 114/6/1
f 117/5/1 118/6/1 119/4/1
f 117/5/1 120/7/1 118/6/1
f 121/5/1 122/6/1 123/4/1
f 121/5/1 124/7/1 122/6/1
f 125/5/1 126/6/1 127/4/1
f 125/5/1 128/7/1 126/6/1
f 129/1/1 130/2/1 131/3/1
f 129/1/1 132/4/1 130/2/1
f 133/5/1 134/6/1 135/4/1
f 133/5/1 136/7/1 134/6/1
f 137/5/1 138/6/1 139/4/1
f 137/5/1 140/7/1 138/6/1
f 141/5/1 142/6/1 143/4/1
f 141/5/1 144/7/1 142/6/1
f 145/5/1 146/6/1 147/4/1
f 145/5/1 148/7/1 146/6/1
f 149/5/1 150/6/1 151/4/1
f 149/5/1 152/7/1 150/6/1
f 153/5/1 154/6/1 155/4/1
f 153/5/1 156/7/1 154/6/1
f 157/5/1 158/6/1 159/4/1
f 157/5/1 160/7/1 158/6/1
f 161/5/3 162/6/3 163/4/3
f 161/5/3 164/7/3 162/6/3
f 165/5/3 166/6/3 167/4/3
f 165/5/3 168/7/3 166/6/3
f 169/1/4 170/2/4 171/3/4
f 169/1/4 172/4/4 170/2/4
f 173/5/3 174/6/3 175/4/3
f 173/5/3 176/7/3 174/6/3
f 177/5/3 178/6/3 179/4/3
f 177/5/3 180/7/3 178/6/3
f 181/5/3 182/6/3 183/4/3
f 181/5/3 184/7/3 182/6/3
f 185/5/3 186/6/3 187/4/3
f 185/5/3 188/7/3 186/6/3
f 189/5/3 190/6/3 191/4/3
f 189/5/3 192/7/3 190/6/3
f 193/5/3 194/6/3 195/4/3
f 193/5/3 196/7/3 194/6/3
f 197/5/3 198/6/3 199/4/3
f 197/5/3 200/7/3 198/6/3
f 201/5/3 202/6/3 203/4/3
f 201/5/3 204/7/3 202/6/3
f 205/5/2 206/6/2 207/4/2
f 205/5/2 208/7/2 206/6/2
f 209/5/2 210/6/2 211/4/2
f 209/5/2 212/7/2 210/6/2
f 213/5/2 214/6/2 215/4/2
f 213/5/2 216/7/2 214/6/2
f 217/5/2 218/6/2 219/4/2
f 217/5/2 220/7/2 218/6/2
f 221/5/2 222/6/2 223/4/2
f 221/5/2 224/7/2 222/6/2
f 225/5/2 226/6/2 227/4/2
f 225/5/2 228/7/2 226/6/2
f 229/5/2 230/6/2 231/4/2
f 229/5/2 232/7/2 230/6/2
f 233/5/2 234/6/2 235/4/2
f 233/5/2 236/7/2 234/6/2
f 237/6/3 238/8/3 239/9/3
f 237/6/3 240/10/3 238/8/3
f 241/5/2 242/6/2 243/4/2
f 241/5/2 244/7/2 242/6/2
f 245/5/2 246/6/2 247/4/2
f 245/5/2 248/7/2 246/6/2
f 249/5/5 250/6/5 251/4/5
f 249/5/5 252/7/5 250/6/5
f 253/5/5 254/6/5 255/4/5
f 253/5/5 256/7/5 254/6/5
f 257/5/5 258/6/5 259/4/5
f 257/5/5 260/7/5 258/6/5
f 261/5/5 262/6/5 263/4/5
f 261/5/5 264/7/5 262/6/5
f 265/5/5 266/6/5 267/4/5
f 265/5/5 268/7/5 266/6/5
f 269/5/5 270/6/5 271/4/5
f 269/5/5 272/7/5 270/6/5
f 273/5/5 274/6/5 275/4/5
f 273/5/5 276/7/5 274/6/5
f 277/5/5 278/6/5 279/4/5
f 277/5/5 280/7/5 278/6/5
f 281/5/4 282/6/4 283/4/4
f 281/5/4 284/7/4 282/6/4
f 285/5/5 286/6/5 287/4/5
f 285/5/5 288/7/5 286/6/5
f 289/5/5 290/6/5 291/4/5
f 289/5/5 292/7/5 290/6/5
f 293/5/6 294/6/6 295/4/6
f 293/5/6 296/7/6 294/6/6
f 297/5/6 298/6/6 299/4/6
f 297/5/6 300/7/6 298/6/6
f 301/5/6 302/6/6 303/4/6
f 301/5/6 304/7/6 302/6/6
f 305/5/6 306/6/6 307/4/6
f 305/5/6 308/7/6 306/6/6
f 309/5/6 310/6/6 311/4/6
f 309/5/6 312/7/6 310/6/6
f 313/5/6 314/6/6 315/4/6
f 313/5/6 316/7/6 314/6/6
f 317/5/6 318/6/6 319/4/6
f 317/5/6 320/7/6 318/6/6
f 321/5/6 322/6/6 323/4/6
f 321/5/6 324/7/6 322/6/6
f 325/6/5 326/8/5 327/9/5
f 325/6/5 328/10/5 326/8/5
f 329/5/6 330/6/6 331/4/6
f 329/5/6 332/7/6 330/6/6
f 333/5/6 334/6/6 335/4/6
f 333/5/6 336/7/6 334/6/6
f 337/5/4 338/6/4 339/4/4
f 337/5/4 340/7/4 338/6/4
f 341/5/4 342/6/4 343/4/4
f 341/5/4 344/7/4 342/6/4
f 345/5/4 346/6/4 347/4/4
f 345/5/4 348/7/4 346/6/4
f 349/1/4 350/2/4 351/3/4
f 349/1/4 352/4/4 350/2/4
f 353/5/4 354/6/4 355/4/4
f 353/5/4 356/7/4 354/6/4
f 357/5/4 358/6/4 359/4/4
f 357/5/4 360/7/4 358/6/4
f 361/5/4 362/6/4 363/4/4
f 361/5/4 364/7/4 362/6/4
f 365/5/4 366/6/4 367/4/4
f 365/5/4 368/7/4 366/6/4
f 369/5/4 370/6/4 371/4/4
f 369/5/4 372/7/4 370/6/4
f 373/5/4 374/6/4 375/4/4
f 373/5/4 376/7/4 374/6/4
f 377/5/4 378/6/4 379/4/4
f 377/5/4 380/7/4 378/6/4
f 381/5/4 382/6/4 383/4/4
f 381/5/4 384/7/4 382/6/4
f 385/1/4 386/2/4 387/3/4
f 385/1/4 388/4/4 386/2/4
f 389/5/4 390/6/4 391/4/4
f 389/5/4 392/7/4 390/6/4
f 393/5/4 394/6/4 395/4/4
f 393/5/4 396/7/4 394/6/4
f 397/5/4 398/6/4 399/4/4
f 397/5/4 400/7/4 398/6/4
f 401/5/4 402/6/4 403/4/4
f 401/5/4 404/7/4 402/6/4
f 405/5/4 406/6/4 407/4/4
f 405/5/4 408/7/4 406/6/4
f 409/5/4 410/6/4 411/4/4
f 409/5/4 412/7/4 410/6/4
f 413/5/4 414/6/4 415/4/4
f 413/5/4 416/7/4 414/6/4
f 417/5/4 418/6/4 419/4/4
f 417/5/4 420/7/4 418/6/4
f 421/5/4 422/6/4 423/4/4
f 421/5/4 424/7/4 422/6/4
f 425/1/1 426/2/1 427/3/1
f 425/1/1 428/4/1 426/2/1
f 429/5/4 430/6/4 431/4/4
f 429/5/4 432/7/4 430/6/4
f 433/5/4 434/6/4 435/4/4
f 433/5/4 436/7/4 434/6/4
f 437/5/4 438/6/4 439/4/4
f 437/5/4 440/7/4 438/6/4
f 441/5/4 442/6/4 443/4/4
f 441/5/4 444/7/4 442/6/4
f 445/5/4 446/6/4 447/4/4
f 445/5/4 448/7/4 446/6/4
f 449/5/4 450/6/4 451/4/4
f 449/5/4 452/7/4 450/6/4
f 453/5/4 454/6/4 455/4/4
f 453/5/4 456/7/4 454/6/4
f 457/5/4 458/6/4 459/4/4
f 457/5/4 460/7/4 458/6/4
f 461/5/4 462/6/4 463/4/4
f 461/5/4 464/7/4 462/6/4
f 465/1/4 466/2/4 467/3/4
f 465/1/4 468/4/4 466/2/4
f 469/5/4 470/6/4 471/4/4
f 469/5/4 472/7/4 470/6/4
f 473/5/4 474/6/4 475/4/4
f 473/5/4 476/7/4 474/6/4
f 477/5/4 478/6/4 479/4/4
f 477/5/4 480/7/4 478/6/4
f 481/5/4 482/6/4 483/4/4
f 481/5/4 484/7/4 482/6/4
f 485/5/4 486/6/4 487/4/4
f 485/5/4 488/7/4 486/6/4
f 489/5/4 490/6/4 491/4/4
f 489/5/4 492/7/4 490/6/4
f 493/6/6 494/8/6 495/9/6
f 493/6/6 496/10/6 494/8/6
f 497/1/1 498/2/1 499/3/1
f 497/1/1 500/4/1 498/2/1
f 501/1/1 502/2/1 503/3/1
f 501/1/1 504/4/1 502/2/1
f 505/1/1 506/2/1 507/3/1
f 505/1/1 508/4/1 506/2/1
f 509/1/1 510/2/1 511/3/1
f 509/1/1 512/4/1 510/2/1
f 513/1/1 514/2/1 515/3/1
f 513/1/1 516/4/1 514/2/1
f 517/1/1 518/2/1 519/3/1
f 517/1/1 520/4/1 518/2/1
f 521/1/1 522/2/1 523/3/1
f 521/1/1 524/4/1 522/2/1
f 525/1/1 526/2/1 527/3/1
f 525/1/1 528/4/1 526/2/1
f 529/1/1 530/2/1 531/3/1
f 529/1/1 532/4/1 530/2/1
f 533/1/1 534/2/1 535/3/1
f 533/1/1 536/4/1 534/2/1
f 537/1/1 538/2/1 539/3/1
f 537/1/1 540/4/1 538/2/1
f 541/1/1 542/2/1 543/3/1
f 541/1/1 544/4/1 542/2/1
f 545/1/1 546/2/1 547/3/1
f 545/1/1 548/4/1 546/2/1
f 549/1/1 550/2/1 551/3/1
f 549/1/1 552/4/1 550/2/1
f 553/1/1 554/2/1 555/3/1
f 553/1/1 556/4/1 554/2/1
f 557/1/1 558/2/1 559/3/1
f 557/1/1 560/4/1 558/2/1
f 561/1/1 562/2/1 563/3/1
f 561/1/1 564/4/1 562/2/1
f 565/1/1 566/2/1 567/3/1
f 565/1/1 568/4/1 566/2/1
f 569/1/1 570/2/1 571/3/1
f 569/1/1 572/4/1 570/2/1
f 573/1/1 574/2/1 575/3/1
f 573/1/1 576/4/1 574/2/1
f 577/1/1 578/2/1 579/3/1
f 577/1/1 580/4/1 578/2/1
f 581/1/1 582/2/1 583/3/1
f 581/1/1 584/4/1 582/2/1
f 585/1/1 586/2/1 587/3/1
f 585/1/1 588/4/1 586/2/1
f 589/1/1 590/2/1 591/3/1
f 589/1/1 592/4/1 590/2/1
f 593/1/1 594/2/1 595/3/1
f 593/1/1 596/4/1 594/2/1
f 597/1/1 598/2/1 599/3/1
f 597/1/1 600/4/1 598/2/1
f 601/1/1 602/2/1 603/3/1
f 601/1/1 604/4/1 602/2/1
f 605/1/1 606/2/1 607/3/1
f 605/1/1 608/4/1 606/2/1
f 609/1/1 610/2/1 611/3/1
f 609/1/1 612/4/1 610/2/1
f 613/1/1 614/2/1 615/3/1
f 613/1/1 616/4/1 614/2/1
f 617/1/1 618/2/1 619/3/1
f 617/1/1 620/4/1 618/2/1
f 621/1/1 622/2/1 623/3/1
f 621/1/1 624/4/1 622/2/1
f 625/1/1 626/2/1 627/3/1
f 625/1/1 628/4/1 626/2/1
f 629/1/1 630/2/1 631/3/1
f 629/1/1 632/4/1 630/2/1
f 633/1/1 634/2/1 635/3/1
f 633/1/1 636/4/1 634/2/1
f 637/1/1 638/2/1 639/3/1
f 637/1/1 640/4/1 638/2/1
f 641/1/1 642/2/1 643/3/1
f 641/1/1 644/4/1 642/2/1
f 645/1/1 646/2/1 647/3/1
f 645/1/1 648/4/1 646/2/1
f 649/1/1 650/2/1 651/3/1
f 649/1/1 652/4/1 650/2/1
f 653/1/1 654/2/1 655/3/1
f 653/1/1 656/4/1 654/2/1
f 657/1/1 658/2/1 659/3/1
f 657/1/1 660/4/1 658/2/1
f 661/1/1 662/2/1 663/3/1
f 661/1/1 664/4/1 662/2/1
f 665/1/1 666/2/1 667/3/1
f 665/1/1 668/4/1 666/2/1
f 669/1/1 670/2/1 671/3/1
f 669/1/1 672/4/1 670/2/1
f 673/1/1 674/2/1 675/3/1
f 673/1/1 676/4/1 674/2/1
f 677/1/1 678/2/1 679/3/1
f 677/1/1 680/4/1 678/2/1
f 681/1/1 682/2/1 683/3/1
f 681/1/1 684/4/1 682/2/1
f 685/1/1 686/2/1 687/3/1
f 685/1/1 688/4/1 686/2/1
f 689/1/1 690/2/1 691/3/1
f 689/1/1 692/4/1 690/2/1
f 693/1/1 694/2/1 695/3/1
f 693/1/1 696/4/1 694/2/1
f 697/1/1 698/2/1 699/3/1
f 697/1/1 700/4/1 698/2/1
f 701/1/1 702/2/1 703/3/1
f 701/1/1 704/4/1 702/2/1
f 705/1/1 706/2/1 707/3/1
f 705/1/1 708/4/1 706/2/1
f 709/1/1 710/2/1 711/3/1
f 709/1/1 712/4/1 710/2/1
f 713/1/1 714/2/1 715/3/1
f 713/1/1 716/4/1 714/2/1
f 717/1/1 718/2/1 719/3/1
f 717/1/1 720/4/1 718/2/1
f 721/1/1 722/2/1 723/3/1
f 721/1/1 724/4/1 722/2/1
f 725/1/4 726/2/4 727/3/4
f 725/1/4 728/4/4 726/2/4
f 729/1/4 730/2/4 731/3/4
f 729/1/4 732/4/4 730/2/4
f 733/1/4 734/2/4 735/3/4
f 733/1/4 736/4/4 734/2/4
f 737/1/4 738/2/4 739/3/4
f 737/1/4 740/4/4 738/2/4
f 741/1/4 742/2/4 743/3/4
f 741/1/4 744/4/4 742/2/4
f 745/1/4 746/2/4 747/3/4
f 745/1/4 748/4/4 746/2/4
f 749/1/4 750/2/4 751/3/4
f 749/1/4 752/4/4 750/2/4
f 753/1/4 754/2/4 755/3/4
f 753/1/4 756/4/4 754/2/4
f 757/1/4 758/2/4 759/3/4
f 757/1/4 760/4/4 758/2/4
f 761/1/4 762/2/4 763/3/4
f 761/1/4 764/4/4 762/2/4
f 765/1/4 766/2/4 767/3/4
f 765/1/4 768/4/4 766/2/4
f 769/1/4 770/2/4 771/3/4
f 769/1/4 772/4/4 770/2/4
f 773/1/4 774/2/4 775/3/4
f 773/1/4 776/4/4 774/2/4
f 777/1/4 778/2/4 779/3/4
f 777/1/4 780/4/4 778/2/4
f 781/1/4 782/2/4 783/3/4
f 781/1/4 784/4/4 782/2/4
f 785/1/4 786/2/4 787/3/4
f 785/1/4 788/4/4 786/2/4
f 789/1/4 790/2/4 791/3/4
f 789/1/4 792/4/4 790/2/4
f 793/1/4 794/2/4 795/3/4
f 793/1/4 796/4/4 794/2/4
f 797/1/4 798/2/4 799/3/4
f 797/1/4 800/4/4 798/2/4
f 801/1/4 802/2/4 803/3/4
f 801/1/4 804/4/4 802/2/4
f 805/1/4 806/2/4 807/3/4
f 805/1/4 808/4/4 806/2/4
f 809/1/4 810/2/4 811/3/4
f 809/1/4 812/4/4 810/2/4
f 813/1/4 814/2/4 815/3/4
f 813/1/4 816/4/4 814/2/4
f 817/1/4 818/2/4 819/3/4
f 817/1/4 820/4/4 818/2/4
f 821/1/4 822/2/4 823/3/4
f 821/1/4 824/4/4 822/2/4
f 825/1/4 826/2/4 827/3/4
f 825/1/4 828/4/4 826/2/4
f 829/1/4 830/2/4 831/3/4
f 829/1/4 832/4/4 830/2/4
f 833/1/4 834/2/4 835/3/4
f 833/1/4 836/4/4 834/2/4
f 837/1/4 838/2/4 839/3/4
f 837/1/4 840/4/4 838/2/4
f 841/1/4 842/2/4 843/3/4
f 841/1/4 844/4/4 842/2/4
f 845/1/4 846/2/4 847/3/4
f 845/1/4 848/4/4 846/2/4
f 849/1/4 850/2/4 851/3/4
f 849/1/4 852/4/4 850/2/4
f 853/1/4 854/2/4 855/3/4
f 853/1/4 856/4/4 854/2/4
f 857/1/4 858/2/4 859/3/4
f 857/1/4 860/4/4 858/2/4
f 861/1/4 862/2/4 863/3/4
f 861/1/4 864/4/4 862/2/4
f 865/1/4 866/2/4 867/3/4
f 865/1/4 868/4/4 866/2/4
f 869/1/4 870/2/4 871/3/4
f 869/1/4 872/4/4 870/2/4
f 873/1/4 874/2/4 875/3/4
f 873/1/4 876/4/4 874/2/4
f 877/1/4 878/2/4 879/3/4
f 877/1/4 880/4/4 878/2/4
f 881/1/4 882/2/4 883/3/4
f 881/1/4 884/4/4 882/2/4
f 885/1/4 886/2/4 887/3/4
f 885/1/4 888/4/4 886/2/4
f 889/1/4 890/2/4 891/3/4
f 889/1/4 892/4/4 890/2/4
f 893/1/4 894/2/4 895/3/4
f 893/1/4 896/4/4 894/2/4
f 897/1/4 898/2/4 899/3/4
f 897/1/4 900/4/4 898/2/4
f 901/1/4 902/2/4 903/3/4
f 901/1/4 904/4/4 902/2/4
f 905/1/4 906/2/4 907/3/4
f 905/1/4 908/4/4 906/2/4
f 909/1/4 910/2/4 911/3/4
f 909/1/4 912/4/4 910/2/4
f 913/1/4 914/2/4 915/3/4
f 913/1/4 916/4/4 914/2/4
f 917/1/4 918/2/4 919/3/4
f 917/1/4 920/4/4 918/2/4
f 921/1/4 922/2/4 923/3/4
f 921/1/4 924/4/4 922/2/4
f 925/1/4 926/2/4 927/3/4
f 925/1/4 928/4/4 926/2/4
f 929/1/4 930/2/4 931/3/4
f 929/1/4 932/4/4 930/2/4
f 933/1/4 934/2/4 935/3/4
f 933/1/4 936/4/4 934/2/4
f 937/1/4 938/2/4 939/3/4
f 937/1/4 940/4/4 938/2/4
f 941/1/4 942/2/4 943/3/4
f 941/1/4 944/4/4 942/2/4
f 945/1/4 946/2/4 947/3/4
f 945/1/4 948/4/4 946/2/4
f 949/1/4 950/2/4 951/3/4
f 949/1/4 952/4/4 950/2/4
f 953/5/2 954/6/2 955/4/2
f 953/5/2 956/7/2 954/6/2
f 957/5/2 958/6/2 959/4/2
f 957/5/2 960/7/2 958/6/2
f 961/5/2 962/6/2 963/4/2
f 961/5/2 964/7/2 962/6/2
f 965/5/2 966/6/2 967/4/2
f 965/5/2 968/7/2 966/6/2
f 969/5/2 970/6/2 971/4/2
f 969/5/2 972/7/2 970/6/2
f 973/5/5 974/6/5 975/4/5
f 973/5/5 976/7/5 974/6/5
f 977/5/2 978/6/2 979/4/2
f 977/5/2 980/7/2 978/6/2
f 981/5/5 982/6/5 983/4/5
f 981/5/5 984/7/5 982/6/5
f 985/5/5 986/6/5 987/4/5
f 985/5/5 988/7/5 986/6/5
f 989/5/5 990/6/5 991/4/5
f 989/5/5 992/7/5 990/6/5
f 993/5/5 994/6/5 995/4/5
f 993/5/5 996/7/5 994/6/5
f 997/5/5 998/6/5 999/4/5
f 997/5/5 1000/7/5 998/6/5
f 1001/5/5 1002/6/5 1003/4/5
f 1001/5/5 1004/7/5 1002/6/5
f 1005/5/6 1006/6/6 1007/4/6
f 1005/5/6 1008/7/6 1006/6/6
f 1009/5/6 1010/6/6 1011/4/6
f 1009/5/6 1012/7/6 1010/6/6
f 1013/5/6 1014/6/6 1015/4/6
f 1013/5/6 1016/7/6 1014/6/6
f 1017/5/6 1018/6/6 1019/4/6
f 1017/5/6 1020/7/6 1018/6/6
f 1021/5/6 1022/6/6 1023/4/6
f 1021/5/6 1024/7/6 1022/6/6
f 1025/5/6 1026/6/6 1027/4/6
f 1025/5/6 1028/7/6 1026/6/6
f 1029/5/6 1030/6/6 1031/4/6
f 1029/5/6 1032/7/6 1030/6/6
f 1033/5/3 1034/6/3 1035/4/3
f 1033/5/3 1036/7/3 1034/6/3
f 1037/5/3 1038/6/3 1039/4/3
f 1037/5/3 1040/7/3 1038/6/3
f 1041/5/3 1042/6/3 1043/4/3
f 1041/5/3 1044/7/3 1042/6/3
f 1045/5/3 1046/6/3 1047/4/3
f 1045/5/3 1048/7/3 1046/6/3
f 1049/5/3 1050/6/3 1051/4/3
f 1049/5/3 1052/7/3 1050/6/3
f 1053/5/3 1054/6/3 1055/4/3
f 1053/5/3 1056/7/3 1054/6/3
f 1057/5/3 1058/6/3 1059/4/3
f 1057/5/3 1060/7/3 1058/6/3
f 1061/5/2 1062/6/2 1063/4/2
f 1061/5/2 1064/7/2 1062/6/2
f 1065/5/1 1066/6/1 1067/4/1
f 1065/5/1 1068/7/1 1066/6/1
f 1069/5/1 1070/6/1 1071/4/1
f 1069/5/1 1072/7/1 1070/6/1
f 1073/5/1 1074/6/1 1075/4/1
f 1073/5/1 1076/7/1 1074/6/1
f 1077/5/1 1078/6/1 1079/4/1
f 1077/5/1 1080/7/1 1078/6/1
f 1081/5/1 1082/6/1 1083/4/1
f 1081/5/1 1084/7/1 1082/6/1
f 1085/5/1 1086/6/1 1087/4/1
f 1085/5/1 1088/7/1 1086/6/1
f 1089/5/1 1090/6/1 1091/4/1
f 1089/5/1 1092/7/1 1090/6/1
f 1093/5/1 1094/6/1 1095/4/1
f 1093/5/1 1096/7/1 1094/6/1
f 1097/5/1 1098/6/1 1099/4/1
f 1097/5/1 1100/7/1 1098/6/1
f 1101/5/1 1102/6/1 1103/4/1
f 1101/5/1 1104/7/1 1102/6/1
f 1105/5/1 1106/6/1 1107/4/1
f 1105/5/1 1108/7/1 1106/6/1
f 1109/5/1 1110/6/1 1111/4/1
f 1109/5/1 1112/7/1 1110/6/1
f 1113/5/1 1114/6/1 1115/4/1
f 1113/5/1 1116/7/1 1114/6/1
f 1117/5/1 1118/6/1 1119/4/1
f 1117/5/1 1120/7/1 1118/6/1
f 1121/5/1 1122/6/1 1123/4/1
f 1121/5/1 1124/7/1 1122/6/1
f 1125/5/1 1126/6/1 1127/4/1
f 1125/5/1 1128/7/1 1126/6/1
f 1129/5/1 1130/6/1 1131/4/1
f 1129/5/1 1132/7/1 1130/6/1
f 1133/5/1 1134/6/1 1135/4/1
f 1133/5/1 1136/7/1 1134/6/1
f 1137/5/1 1138/6/1 1139/4/1
f 1137/5/1 1140/7/1 1138/6/1
f 1141/5/1 1142/6/1 1143/4/1
f 1141/5/1 1144/7/1 1142/6/1
f 1145/5/1 1146/6/1 1147/4/1
f 1145/5/1 1148/7/1 1146/6/1
f 1149/5/1 1150/6/1 1151/4/1
f 1149/5/1 1152/7/1 1150/6/1
f 1153/5/1 1154/6/1 1155/4/1
f 1153/5/1 1156/7/1 1154/6/1
f 1157/5/1 1158/6/1 1159/4/1
f 1157/5/1 1160/7/1 1158/6/1
f 1161/5/1 1162/6/1 1163/4/1
f 1161/5/1 1164/7/1 1162/6/1
f 1165/5/1 1166/6/1 1167/4/1
f 1165/5/1 1168/7/1 1166/6/1
f 1169/5/1 1170/6/1 1171/4/1
f 1169/5/1 1172/7/1 1170/6/1
f 1173/5/1 1174/6/1 1175/4/1
f 1173/5/1 1176/7/1 1174/6/1
f 1177/5/1 1178/6/1 1179/4/1
f 1177/5/1 1180/7/1 1178/6/1
f 1181/5/1 1182/6/1 1183/4/1
f 1181/5/1 1184/7/1 1182/6/1
f 1185/5/1 1186/6/1 1187/4/1
f 1185/5/1 1188/7/1 1186/6/1
f 1189/5/1 1190/6/1 1191/4/1
f 1189/5/1 1192/7/1 1190/6/1
f 1193/5/1 1194/6/1 1195/4/1
f 1193/5/1 1196/7/1 1194/6/1
f 1197/5/1 1198/6/1 1199/4/1
f 1197/5/1 1200/7/1 1198/6/1
f 1201/5/1 1202/6/1 1203/4/1
f 1201/5/1 1204/7/1 1202/6/1
f 1205/5/1 1206/6/1 1207/4/1
f 1205/5/1 1208/7/1 1206/6/1
f 1209/5/1 1210/6/1 1211/4/1
f 1209/5/1 1212/7/1 1210/6/1
f 1213/5/1 1214/6/1 1215/4/1
f 1213/5/1 1216/7/1 1214/6/1
f 1217/5/1 1218/6/1 1219/4/1
f 1217/5/1 1220/7/1 1218/6/1
f 1221/5/1 1222/6/1 1223/4/1
f 1221/5/1 1224/7/1 1222/6/1
f 1225/5/1 1226/6/1 1227/4/1
f 1225/5/1 1228/7/1 1226/6/1
f 1229/5/1 1230/6/1 1231/4/1
f 1229/5/1 1232/7/1 1230/6/1
f 1233/5/1 1234/6/1 1235/4/1
f 1233/5/1 1236/7/1 1234/6/1
f 1237/5/1 1238/6/1 1239/4/1
f 1237/5/1 1240/7/1 1238/6/1
f 1241/5/1 1242/6/1 1243/4/1
f 1241/5/1 1244/7/1 1242/6/1
f 1245/5/2 1246/6/2 1247/4/2
f 1245/5/2 1248/7/2 1246/6/2
f 1249/5/2 1250/6/2 1251/4/2
f 1249/5/2 1252/7/2 1250/6/2
f 1253/5/2 1254/6/2 1255/4/2
f 1253/5/2 1256/7/2 1254/6/2
f 1257/5/2 1258/6/2 1259/4/2
f 1257/5/2 1260/7/2 1258/6/2
f 1261/5/2 1262/6/2 1263/4/2
f 1261/5/2 1264/7/2 1262/6/2
f 1265/5/3 1266/6/3 1267/4/3
f 1265/5/3 1268/7/3 1266/6/3
f 1269/5/3 1270/6/3 1271/4/3
f 1269/5/3 1272/7/3 1270/6/3
f 1273/5/3 1274/6/3 1275/4/3
f 1273/5/3 1276/7/3 1274/6/3
f 1277/11/3 1278/1/3 1279/12/3
f 1277/11/3 1280/13/3 1278/1/3
f 1281/5/3 1282/6/3 1283/4/3
f 1281/5/3 1284/7/3 1282/6/3
f 1285/5/6 1286/6/6 1287/4/6
f 1285/5/6 1288/7/6 1286/6/6
f 1289/5/6 1290/6/6 1291/4/6
f 1289/5/6 1292/7/6 1290/6/6
f 1293/5/6 1294/6/6 1295/4/6
f 1293/5/6 1296/7/6 1294/6/6
f 1297/5/6 1298/6/6 1299/4/6
f 1297/5/6 1300/7/6 1298/6/6
f 1301/5/6 1302/6/6 1303/4/6
f 1301/5/6 1304/7/6 1302/6/6
f 1305/5/5 1306/6/5 1307/4/5
f 1305/5/5 1308/7/5 1306/6/5
f 1309/5/5 1310/6/5 1311/4/5
f 1309/5/5 1312/7/5 1310/6/5
f 1313/5/5 1314/6/5 1315/4/5
f 1313/5/5 1316/7/5 1314/6/5
f 1317/5/5 1318/6/5 1319/4/5
f 1317/5/5 1320/7/5 1318/6/5
f 1321/5/5 1322/6/5 1323/4/5
f 1321/5/5 1324/7/5 1322/6/5
f 1325/5/5 1326/6/5 1327/4/5
f 1325/5/5 1328/7/5 1326/6/5
f 1329/5/5 1330/6/5 1331/4/5
f 1329/5/5 1332/7/5 1330/6/5
f 1333/5/5 1334/6/5 1335/4/5
f 1333/5/5 1336/7/5 1334/6/5
f 1337/5/5 1338/6/5 1339/4/5
f 1337/5/5 1340/7/5 1338/6/5
f 1341/5/5 1342/6/5 1343/4/5
f 1341/5/5 1344/7/5 1342/6/5
f 1345/5/5 1346/6/5 1347/4/5
f 1345/5/5 1348/7/5 1346/6/5
f 1349/14/5 1350/13/5 1351/11/5
f 1349/14/5 1352/15/5 1350/13/5
f 1353/13/5 1354/4/5 1355/1/5
f 1353/13/5 1356/5/5 1354/4/5
f 1357/14/5 1358/13/5 1359/11/5
f 1357/14/5 1360/15/5 1358/13/5
f 1361/13/5 1362/4/5 1363/1/5
f 1361/13/5 1364/5/5 1362/4/5
f 1365/14/5 1366/13/5 1367/11/5
f 1365/14/5 1368/15/5 1366/13/5
f 1369/13/5 1370/4/5 1371/1/5
f 1369/13/5 1372/5/5 1370/4/5
f 1373/14/5 1374/13/5 1375/11/5
f 1373/14/5 1376/15/5 1374/13/5
f 1377/15/5 1378/5/5 1379/13/5
f 1377/15/5 1380/16/5 1378/5/5
f 1381/11/5 1382/1/5 1383/12/5
f 1381/11/5 1384/13/5 1382/1/5
f 1385/17/6 1386/18/6 1387/7/6
f 1385/17/6 1388/19/6 1386/18/6
f 1389/13/5 1390/4/5 1391/1/5
f 1389/13/5 1392/5/5 1390/4/5
f 1393/15/5 1394/5/5 1395/13/5
f 1393/15/5 1396/16/5 1394/5/5
f 1397/5/5 1398/6/5 1399/4/5
f 1397/5/5 1400/7/5 1398/6/5
f 1401/5/5 1402/6/5 1403/4/5
f 1401/5/5 1404/7/5 1402/6/5
f 1405/5/5 1406/6/5 1407/4/5
f 1405/5/5 1408/7/5 1406/6/5
f 1409/5/5 1410/6/5 1411/4/5
f 1409/5/5 1412/7/5 1410/6/5
f 1413/5/5 1414/6/5 1415/4/5
f 1413/5/5 1416/7/5 1414/6/5
f 1417/5/5 1418/6/5 1419/4/5
f 1417/5/5 1420/7/5 1418/6/5
f 1421/5/5 1422/6/5 1423/4/5
f 1421/5/5 1424/7/5 1422/6/5
f 1425/5/2 1426/6/2 1427/4/2
f 1425/5/2 1428/7/2 1426/6/2
f 1429/5/2 1430/6/2 1431/4/2
f 1429/5/2 1432/7/2 1430/6/2
f 1433/5/2 1434/6/2 1435/4/2
f 1433/5/2 1436/7/2 1434/6/2
f 1437/5/2 1438/6/2 1439/4/2
f 1437/5/2 1440/7/2 1438/6/2
f 1441/5/2 1442/6/2 1443/4/2
f 1441/5/2 1444/7/2 1442/6/2
f 1445/5/2 1446/6/2 1447/4/2
f 1445/5/2 1448/7/2 1446/6/2
f 1449/5/2 1450/6/2 1451/4/2
f 1449/5/2 1452/7/2 1450/6/2
f 1453/5/2 1454/6/2 1455/4/2
f 1453/5/2 1456/7/2 1454/6/2
f 1457/5/2 1458/6/2 1459/4/2
f 1457/5/2 1460/7/2 1458/6/2
f 1461/5/2 1462/6/2 1463/4/2
f 1461/5/2 1464/7/2 1462/6/2
f 1465/5/2 1466/6/2 1467/4/2
f 1465/5/2 1468/7/2 1466/6/2
f 1469/5/2 1470/6/2 1471/4/2
f 1469/5/2 1472/7/2 1470/6/2
f 1473/5/2 1474/6/2 1475/4/2
f 1473/5/2 1476/7/2 1474/6/2
f 1477/17/3 1478/18/3 1479/7/3
f 1477/17/3 1480/19/3 1478/18/3
f 1481/17/2 1482/18/2 1483/7/2
f 1481/17/2 1484/19/2 1482/18/2
f 1485/14/2 1486/13/2 1487/11/2
f 1485/14/2 1488/15/2 1486/13/2
f 1489/13/2 1490/4/2 1491/1/2
f 1489/13/2 1492/5/2 1490/4/2
f 1493/11/2 1494/1/2 1495/12/2
f 1493/11/2 1496/13/2 1494/1/2
f 1497/15/2 1498/5/2 1499/13/2
f 1497/15/2 1500/16/2 1498/5/2
f 1501/13/2 1502/4/2 1503/1/2
f 1501/13/2 1504/5/2 1502/4/2
f 1505/15/2 1506/5/2 1507/13/2
f 1505/15/2 1508/16/2 1506/5/2
f 1509/13/2 1510/4/2 1511/1/2
f 1509/13/2 1512/5/2 1510/4/2
f 1513/14/2 1514/13/2 1515/11/2
f 1513/14/2 1516/15/2 1514/13/2
f 1517/16/2 1518/7/2 1519/5/2
f 1517/16/2 1520/17/2 1518/7/2
f 1521/15/2 1522/5/2 1523/13/2
f 1521/15/2 1524/16/2 1522/5/2
f 1525/5/3 1526/6/3 1527/4/3
f 1525/5/3 1528/7/3 1526/6/3
f 1529/11/2 1530/1/2 1531/12/2
f 1529/11/2 1532/13/2 1530/1/2
f 1533/13/3 1534/4/3 1535/1/3
f 1533/13/3 1536/5/3 1534/4/3
f 1537/15/3 1538/5/3 1539/13/3
f 1537/15/3 1540/16/3 1538/5/3
f 1541/5/3 1542/6/3 1543/4/3
f 1541/5/3 1544/7/3 1542/6/3
f 1545/5/3 1546/6/3 1547/4/3
f 1545/5/3 1548/7/3 1546/6/3
f 1549/5/3 1550/6/3 1551/4/3
f 1549/5/3 1552/7/3 1550/6/3
f 1553/5/3 1554/6/3 1555/4/3
f 1553/5/3 1556/7/3 1554/6/3
f 1557/5/3 1558/6/3 1559/4/3
f 1557/5/3 1560/7/3 1558/6/3
f 1561/5/3 1562/6/3 1563/4/3
f 1561/5/3 1564/7/3 1562/6/3
f 1565/5/3 1566/6/3 1567/4/3
f 1565/5/3 1568/7/3 1566/6/3
f 1569/5/3 1570/6/3 1571/4/3
f 1569/5/3 1572/7/3 1570/6/3
f 1573/5/3 1574/6/3 1575/4/3
f 1573/5/3 1576/7/3 1574/6/3
f 1577/5/3 1578/6/3 1579/4/3
f 1577/5/3 1580/7/3 1578/6/3
f 1581/5/3 1582/6/3 1583/4/3
f 1581/5/3 1584/7/3 1582/6/3
f 1585/5/3 1586/6/3 1587/4/3
f 1585/5/3 1588/7/3 1586/6/3
f 1589/17/2 1590/18/2 1591/7/2
f 1589/17/2 1592/19/2 1590/18/2
f 1593/11/6 1594/1/6 1595/12/6
f 1593/11/6 1596/13/6 1594/1/6
f 1597/16/3 1598/7/3 1599/5/3
f 1597/16/3 1600/17/3 1598/7/3
f 1601/16/3 1602/7/3 1603/5/3
f 1601/16/3 1604/17/3 1602/7/3
f 1605/13/3 1606/4/3 1607/1/3
f 1605/13/3 1608/5/3 1606/4/3
f 1609/14/3 1610/13/3 1611/11/3
f 1609/14/3 1612/15/3 1610/13/3
f 1613/15/3 1614/5/3 1615/13/3
f 1613/15/3 1616/16/3 1614/5/3
f 1617/17/3 1618/18/3 1619/7/3
f 1617/17/3 1620/19/3 1618/18/3
f 1621/14/3 1622/13/3 1623/11/3
f 1621/14/3 1624/15/3 1622/13/3
f 1625/5/6 1626/6/6 1627/4/6
f 1625/5/6 1628/7/6 1626/6/6
f 1629/5/6 1630/6/6 1631/4/6
f 1629/5/6 1632/7/6 1630/6/6
f 1633/5/6 1634/6/6 1635/4/6
f 1633/5/6 1636/7/6 1634/6/6
f 1637/5/6 1638/6/6 1639/4/6
f 1637/5/6 1640/7/6 1638/6/6
f 1641/5/6 1642/6/6 1643/4/6
f 1641/5/6 1644/7/6 1642/6/6
f 1645/5/6 1646/6/6 1647/4/6
f 1645/5/6 1648/7/6 1646/6/6
f 1649/5/6 1650/6/6 1651/4/6
f 1649/5/6 1652/7/6 1650/6/6
f 1653/5/6 1654/6/6 1655/4/6
f 1653/5/6 1656/7/6 1654/6/6
f 1657/5/6 1658/6/6 1659/4/6
f 1657/5/6 1660/7/6 1658/6/6
f 1661/5/6 1662/6/6 1663/4/6
f 1661/5/6 1664/7/6 1662/6/6
f 1665/5/6 1666/6/6 1667/4/6
f 1665/5/6 1668/7/6 1666/6/6
f 1669/13/6 1670/4/6 1671/1/6
f 1669/13/6 1672/5/6 1670/4/6
f 1673/14/6 1674/13/6 1675/11/6
f 1673/14/6 1676/15/6 1674/13/6
f 1677/5/6 1678/6/6 1679/4/6
f 1677/5/6 1680/7/6 1678/6/6
f 1681/5/6 1682/6/6 1683/4/6
f 1681/5/6 1684/7/6 1682/6/6
f 1685/17/3 1686/18/3 1687/7/3
f 1685/17/3 1688/19/3 1686/18/3
f 1689/11/6 1690/1/6 1691/12/6
f 1689/11/6 1692/13/6 1690/1/6
f 1693/13/6 1694/4/6 1695/1/6
f 1693/13/6 1696/5/6 1694/4/6
f 1697/15/6 1698/5/6 1699/13/6
f 1697/15/6 1700/16/6 1698/5/6
f 1701/17/6 1702/18/6 1703/7/6
f 1701/17/6 1704/19/6 1702/18/6
f 1705/17/3 1706/18/3 1707/7/3
f 1705/17/3 1708/19/3 1706/18/3
f 1709/13/6 1710/4/6 1711/1/6
f 1709/13/6 1712/5/6 1710/4/6
f 1713/11/6 1714/1/6 1715/12/6
f 1713/11/6 1716/13/6 1714/1/6
f 1717/11/6 1718/1/6 1719/12/6
f 1717/11/6 1720/13/6 1718/1/6
f 1721/15/6 1722/5/6 1723/13/6
f 1721/15/6 1724/16/6 1722/5/6
f 1725/1/1 1726/2/1 1727/3/1
f 1725/1/1 1728/4/1 1726/2/1
f 1729/1/1 1730/2/1 1731/3/1
f 1729/1/1 1732/4/1 1730/2/1
f 1733/4/1 1734/9/1 1735/2/1
f 1733/4/1 1736/6/1 1734/9/1
f 1737/1/1 1738/2/1 1739/3/1
f 1737/1/1 1740/4/1 1738/2/1
f 1741/1/1 1742/2/1 1743/3/1
f 1741/1/1 1744/4/1 1742/2/1
f 1745/1/1 1746/2/1 1747/3/1
f 1745/1/1 1748/4/1 1746/2/1
f 1749/1/1 1750/2/1 1751/3/1
f 1749/1/1 1752/4/1 1750/2/1
f 1753/4/1 1754/9/1 1755/2/1
f 1753/4/1 1756/6/1 1754/9/1
f 1757/4/1 1758/9/1 1759/2/1
f 1757/4/1 1760/6/1 1758/9/1
f 1761/1/1 1762/2/1 1763/3/1
f 1761/1/1 1764/4/1 1762/2/1
f 1765/4/1 1766/9/1 1767/2/1
f 1765/4/1 1768/6/1 1766/9/1
f 1769/4/1 1770/9/1 1771/2/1
f 1769/4/1 1772/6/1 1770/9/1
f 1773/4/1 1774/9/1 1775/2/1
f 1773/4/1 1776/6/1 1774/9/1
f 1777/4/1 1778/9/1 1779/2/1
f 1777/4/1 1780/6/1 1778/9/1
f 1781/4/1 1782/9/1 1783/2/1
f 1781/4/1 1784/6/1 1782/9/1
f 1785/1/1 1786/2/1 1787/3/1
f 1785/1/1 1788/4/1 1786/2/1
f 1789/4/1 1790/9/1 1791/2/1
f 1789/4/1 1792/6/1 1790/9/1
f 1793/4/1 1794/9/1 1795/2/1
f 1793/4/1 1796/6/1 1794/9/1
f 1797/4/1 1798/9/1 1799/2/1
f 1797/4/1 1800/6/1 1798/9/1
f 1801/1/1 1802/2/1 1803/3/1
f 1801/1/1 1804/4/1 1802/2/1
f 1805/1/1 1806/2/1 1807/3/1
f 1805/1/1 1808/4/1 1806/2/1
f 1809/1/1 1810/2/1 1811/3/1
f 1809/1/1 1812/4/1 1810/2/1
f 1813/4/1 1814/9/1 1815/2/1
f 1813/4/1 1816/6/1 1814/9/1
f 1817/1/1 1818/2/1 1819/3/1
f 1817/1/1 1820/4/1 1818/2/1
f 1821/4/1 1822/9/1 1823/2/1
f 1821/4/1 1824/6/1 1822/9/1
f 1825/5/6 1826/6/6 1827/4/6
f 1825/5/6 1828/7/6 1826/6/6
f 1829/5/6 1830/6/6 1831/4/6
f 1829/5/6 1832/7/6 1830/6/6
f 1833/5/6 1834/6/6 1835/4/6
f 1833/5/6 1836/7/6 1834/6/6
f 1837/5/6 1838/6/6 1839/4/6
f 1837/5/6 1840/7/6 1838/6/6
f 1841/5/6 1842/6/6 1843/4/6
f 1841/5/6 1844/7/6 1842/6/6
f 1845/5/6 1846/6/6 1847/4/6
f 1845/5/6 1848/7/6 1846/6/6
f 1849/5/6 1850/6/6 1851/4/6
f 1849/5/6 1852/7/6 1850/6/6
f 1853/5/6 1854/6/6 1855/4/6
f 1853/5/6 1856/7/6 1854/6/6
f 1857/5/6 1858/6/6 1859/4/6
f 1857/5/6 1860/7/6 1858/6/6
f 1861/5/6 1862/6/6 1863/4/6
f 1861/5/6 1864/7/6 1862/6/6
f 1865/5/6 1866/6/6 1867/4/6
f 1865/5/6 1868/7/6 1866/6/6
f 1869/5/6 1870/6/6 1871/4/6
f 1869/5/6 1872/7/6 1870/6/6
f 1873/5/6 1874/6/6 1875/4/6
f 1873/5/6 1876/7/6 1874/6/6
f 1877/5/6 1878/6/6 1879/4/6
f 1877/5/6 1880/7/6 1878/6/6
f 1881/5/6 1882/6/6 1883/4/6
f 1881/5/6 1884/7/6 1882/6/6
f 1885/5/6 1886/6/6 1887/4/6
f 1885/5/6 1888/7/6 1886/6/6
f 1889/5/6 1890/6/6 1891/4/6
f 1889/5/6 1892/7/6 1890/6/6
f 1893/5/6 1894/6/6 1895/4/6
f 1893/5/6 1896/7/6 1894/6/6
f 1897/5/3 1898/6/3 1899/4/3
f 1897/5/3 1900/7/3 1898/6/3
f 1901/5/3 1902/6/3 1903/4/3
f 1901/5/3 1904/7/3 1902/6/3
f 1905/5/3 1906/6/3 1907/4/3
f 1905/5/3 1908/7/3 1906/6/3
f 1909/5/3 1910/6/3 1911/4/3
f 1909/5/3 1912/7/3 1910/6/3
f 1913/5/3 1914/6/3 1915/4/3
f 1913/5/3 1916/7/3 1914/6/3
f 1917/5/3 1918/6/3 1919/4/3
f 1917/5/3 1920/7/3 1918/6/3
f 1921/5/3 1922/6/3 1923/4/3
f 1921/5/3 1924/7/3 1922/6/3
f 1925/5/3 1926/6/3 1927/4/3
f 1925/5/3 1928/7/3 1926/6/3
f 1929/5/3 1930/6/3 1931/4/3
f 1929/5/3 1932/7/3 1930/6/3
f 1933/5/3 1934/6/3 1935/4/3
f 1933/5/3 1936/7/3 1934/6/3
f 1937/5/3 1938/6/3 1939/4/3
f 1937/5/3 1940/7/3 1938/6/3
f 1941/5/3 1942/6/3 1943/4/3
f 1941/5/3 1944/7/3 1942/6/3
f 1945/5/3 1946/6/3 1947/4/3
f 1945/5/3 1948/7/3 1946/6/3
f 1949/5/3 1950/6/3 1951/4/3
f 1949/5/3 1952/7/3 1950/6/3
f 1953/5/3 1954/6/3 1955/4/3
f 1953/5/3 1956/7/3 1954/6/3
f 1957/5/3 1958/6/3 1959/4/3
f 1957/5/3 1960/7/3 1958/6/3
f 1961/5/3 1962/6/3 1963/4/3
f 1961/5/3 1964/7/3 1962/6/3
f 1965/5/3 1966/6/3 1967/4/3
f 1965/5/3 1968/7/3 1966/6/3
f 1969/5/5 1970/6/5 1971/4/5
f 1969/5/5 1972/7/5 1970/6/5
f 1973/5/5 1974/6/5 1975/4/5
f 1973/5/5 1976/7/5 1974/6/5
f 1977/5/5 1978/6/5 1979/4/5
f 1977/5/5 1980/7/5 1978/6/5
f 1981/5/5 1982/6/5 1983/4/5
f 1981/5/5 1984/7/5 1982/6/5
f 1985/5/5 1986/6/5 1987/4/5
f 1985/5/5 1988/7/5 1986/6/5
f 1989/5/5 1990/6/5 1991/4/5
f 1989/5/5 1992/7/5 1990/6/5
f 1993/5/5 1994/6/5 1995/4/5
f 1993/5/5 1996/7/5 1994/6/5
f 1997/5/5 1998/6/5 1999/4/5
f 1997/5/5 2000/7/5 1998/6/5
f 2001/5/5 2002/6/5 2003/4/5
f 2001/5/5 2004/7/5 2002/6/5
f 2005/5/5 2006/6/5 2007/4/5
f 2005/5/5 2008/7/5 2006/6/5
f 2009/5/5 2010/6/5 2011/4/5
f 2009/5/5 2012/7/5 2010/6/5
f 2013/5/5 2014/6/5 2015/4/5
f 2013/5/5 2016/7/5 2014/6/5
f 2017/5/5 2018/6/5 2019/4/5
f 2017/5/5 2020/7/5 2018/6/5
f 2021/5/5 2022/6/5 2023/4/5
f 2021/5/5 2024/7/5 2022/6/5
f 2025/5/5 2026/6/5 2027/4/5
f 2025/5/5 2028/7/5 2026/6/5
f 2029/5/5 2030/6/5 2031/4/5
f 2029/5/5 2032/7/5 2030/6/5
f 2033/5/5 2034/6/5 2035/4/5
f 2033/5/5 2036/7/5 2034/6/5
f 2037/5/5 2038/6/5 2039/4/5
f 2037/5/5 2040/7/5 2038/6/5
f 2041/5/2 2042/6/2 2043/4/2
f 2041/5/2 2044/7/2 2042/6/2
f 2045/5/2 2046/6/2 2047/4/2
f 2045/5/2 2048/7/2 2046/6/2
f 2049/5/2 2050/6/2 2051/4/2
f 2049/5/2 2052/7/2 2050/6/2
f 2053/5/2 2054/6/2 2055/4/2
f 2053/5/2 2056/7/2 2054/6/2
f 2057/5/2 2058/6/2 2059/4/2
f 2057/5/2 2060/7/2 2058/6/2
f 2061/5/2 2062/6/2 2063/4/2
f 2061/5/2 2064/7/2 2062/6/2
f 2065/5/2 2066/6/2 2067/4/2
f 2065/5/2 2068/7/2 2066/6/2
f 2069/5/2 2070/6/2 2071/4/2
f 2069/5/2 2072/7/2 2070/6/2
f 2073/5/2 2074/6/2 2075/4/2
f 2073/5/2 2076/7/2 2074/6/2
f 2077/5/2 2078/6/2 2079/4/2
f 2077/5/2 2080/7/2 2078/6/2
f 2081/5/2 2082/6/2 2083/4/2
f 2081/5/2 2084/7/2 2082/6/2
f 2085/5/2 2086/6/2 2087/4/2
f 2085/5/2 2088/7/2 2086/6/2
f 2089/5/2 2090/6/2 2091/4/2
f 2089/5/2 2092/7/2 2090/6/2
f 2093/5/2 2094/6/2 2095/4/2
f 2093/5/2 2096/7/2 2094/6/2
f 2097/5/2 2098/6/2 2099/4/2
f 2097/5/2 2100/7/2 2098/6/2
f 2101/5/2 2102/6/2 2103/4/2
f 2101/5/2 2104/7/2 2102/6/2
f 2105/5/2 2106/6/2 2107/4/2
f 2105/5/2 2108/7/2 2106/6/2
f 2109/5/2 2110/6/2 2111/4/2
f 2109/5/2 2112/7/2 2110/6/2
f 2113/1/1 2114/2/1 2115/3/1
f 2113/1/1 2116/4/1 2114/2/1
f 2117/1/1 2118/2/1 2119/3/1
f 2117/1/1 2120/4/1 2118/2/1
f 2121/1/1 2122/2/1 2123/3/1
f 2121/1/1 2124/4/1 2122/2/1
f 2125/1/1 2126/2/1 2127/3/1
f 2125/1/1 2128/4/1 2126/2/1
f 2129/1/1 2130/2/1 2131/3/1
f 2129/1/1 2132/4/1 2130/2/1
f 2133/1/1 2134/2/1 2135/3/1
f 2133/1/1 2136/4/1 2134/2/1
f 2137/1/1 2138/2/1 2139/3/1
f 2137/1/1 2140/4/1 2138/2/1
f 2141/1/1 2142/2/1 2143/3/1
f 2141/1/1 2144/4/1 2142/2/1
f 2145/1/1 2146/2/1 2147/3/1
f 2145/1/1 2148/4/1 2146/2/1
f 2149/4/5 2150/9/5 2151/2/5
f 2149/4/5 2152/6/5 2150/9/5
f 2153/4/5 2154/9/5 2155/2/5
f 2153/4/5 2156/6/5 2154/9/5
f 2157/4/5 2158/9/5 2159/2/5
f 2157/4/5 2160/6/5 2158/9/5
f 2161/4/5 2162/9/5 2163/2/5
f 2161/4/5 2164/6/5 2162/9/5
f 2165/4/5 2166/9/5 2167/2/5
f 2165/4/5 2168/6/5 2166/9/5
f 2169/4/5 2170/9/5 2171/2/5
f 2169/4/5 2172/6/5 2170/9/5
f 2173/4/5 2174/9/5 2175/2/5
f 2173/4/5 2176/6/5 2174/9/5
f 2177/4/5 2178/9/5 2179/2/5
f 2177/4/5 2180/6/5 2178/9/5
f 2181/4/5 2182/9/5 2183/2/5
f 2181/4/5 2184/6/5 2182/9/5
f 2185/4/2 2186/9/2 2187/2/2
f 2185/4/2 2188/6/2 2186/9/2
f 2189/4/2 2190/9/2 2191/2/2
f 2189/4/2 2192/6/2 2190/9/2
f 2193/4/2 2194/9/2 2195/2/2
f 2193/4/2 2196/6/2 2194/9/2
f 2197/4/2 2198/9/2 2199/2/2
f 2197/4/2 2200/6/2 2198/9/2
f 2201/4/2 2202/9/2 2203/2/2
f 2201/4/2 2204/6/2 2202/9/2
f 2205/4/2 2206/9/2 2207/2/2
f 2205/4/2 2208/6/2 2206/9/2
f 2209/4/2 2210/9/2 2211/2/2
f 2209/4/2 2212/6/2 2210/9/2
f 2213/4/2 2214/9/2 2215/2/2
f 2213/4/2 2216/6/2 2214/9/2
f 2217/4/2 2218/9/2 2219/2/2
f 2217/4/2 2220/6/2 2218/9/2
f 2221/4/6 2222/9/6 2223/2/6
f 2221/4/6 2224/6/6 2222/9/6
f 2225/4/6 2226/9/6 2227/2/6
f 2225/4/6 2228/6/6 2226/9/6
f 2229/4/6 2230/9/6 2231/2/6
f 2229/4/6 2232/6/6 2230/9/6
f 2233/4/6 2234/9/6 2235/2/6
f 2233/4/6 2236/6/6 2234/9/6
f 2237/4/6 2238/9/6 2239/2/6
f 2237/4/6 2240/6/6 2238/9/6
f 2241/4/6 2242/9/6 2243/2/6
f 2241/4/6 2244/6/6 2242/9/6
f 2245/4/6 2246/9/6 2247/2/6
f 2245/4/6 2248/6/6 2246/9/6
f 2249/4/6 2250/9/6 2251/2/6
f 2249/4/6 2252/6/6 2250/9/6
f 2253/4/6 2254/9/6 2255/2/6
f 2253/4/6 2256/6/6 2254/9/6
f 2257/4/3 2258/9/3 2259/2/3
f 2257/4/3 2260/6/3 2258/9/3
f 2261/4/3 2262/9/3 2263/2/3
f 2261/4/3 2264/6/3 2262/9/3
f 2265/4/3 2266/9/3 2267/2/3
f 2265/4/3 2268/6/3 2266/9/3
f 2269/4/3 2270/9/3 2271/2/3
f 2269/4/3 2272/6/3 2270/9/3
f 2273/4/3 2274/9/3 2275/2/3
f 2273/4/3 2276/6/3 2274/9/3
f 2277/4/3 2278/9/3 2279/2/3
f 2277/4/3 2280/6/3 2278/9/3
f 2281/4/3 2282/9/3 2283/2/3
f 2281/4/3 2284/6/3 2282/9/3
f 2285/4/3 2286/9/3 2287/2/3
f 2285/4/3 2288/6/3 2286/9/3
f 2289/4/3 2290/9/3 2291/2/3
f 2289/4/3 2292/6/3 2290/9/3
f 2293/5/6 2294/6/6 2295/4/6
f 2293/5/6 2296/7/6 2294/6/6
f 2297/5/6 2298/6/6 2299/4/6
f 2297/5/6 2300/7/6 2298/6/6
f 2301/5/6 2302/6/6 2303/4/6
f 2301/5/6 2304/7/6 2302/6/6
f 2305/5/6 2306/6/6 2307/4/6
f 2305/5/6 2308/7/6 2306/6/6
f 2309/5/6 2310/6/6 2311/4/6
f 2309/5/6 2312/7/6 2310/6/6
f 2313/5/6 2314/6/6 2315/4/6
f 2313/5/6 2316/7/6 2314/6/6
f 2317/5/6 2318/6/6 2319/4/6
f 2317/5/6 2320/7/6 2318/6/6
f 2321/5/6 2322/6/6 2323/4/6
f 2321/5/6 2324/7/6 2322/6/6
f 2325/5/6 2326/6/6 2327/4/6
f 2325/5/6 2328/7/6 2326/6/6
f 2329/5/6 2330/6/6 2331/4/6
f 2329/5/6 2332/7/6 2330/6/6
f 2333/5/1 2334/6/1 2335/4/1
f 2333/5/1 2336/7/1 2334/6/1
f 2337/5/1 2338/6/1 2339/4/1
f 2337/5/1 2340/7/1 2338/6/1
f 2341/5/1 2342/6/1 2343/4/1
f 2341/5/1 2344/7/1 2342/6/1
f 2345/5/1 2346/6/1 2347/4/1
f 2345/5/1 2348/7/1 2346/6/1
f 2349/5/1 2350/6/1 2351/4/1
f 2349/5/1 2352/7/1 2350/6/1
f 2353/5/1 2354/6/1 2355/4/1
f 2353/5/1 2356/7/1 2354/6/1
f 2357/5/1 2358/6/1 2359/4/1
f 2357/5/1 2360/7/1 2358/6/1
f 2361/5/1 2362/6/1 2363/4/1
f 2361/5/1 2364/7/1 2362/6/1
f 2365/5/1 2366/6/1 2367/4/1
f 2365/5/1 2368/7/1 2366/6/1
f 2369/5/1 2370/6/1 2371/4/1
f 2369/5/1 2372/7/1 2370/6/1
f 2373/5/2 2374/6/2 2375/4/2
f 2373/5/2 2376/7/2 2374/6/2
f 2377/5/2 2378/6/2 2379/4/2
f 2377/5/2 2380/7/2 2378/6/2
f 2381/5/2 2382/6/2 2383/4/2
f 2381/5/2 2384/7/2 2382/6/2
f 2385/5/2 2386/6/2 2387/4/2
f 2385/5/2 2388/7/2 2386/6/2
f 2389/5/2 2390/6/2 2391/4/2
f 2389/5/2 2392/7/2 2390/6/2
f 2393/5/2 2394/6/2 2395/4/2
f 2393/5/2 2396/7/2 2394/6/2
f 2397/5/2 2398/6/2 2399/4/2
f 2397/5/2 2400/7/2 2398/6/2
f 2401/5/2 2402/6/2 2403/4/2
f 2401/5/2 2404/7/2 2402/6/2
f 2405/5/2 2406/6/2 2407/4/2
f 2405/5/2 2408/7/2 2406/6/2
f 2409/5/2 2410/6/2 2411/4/2
f 2409/5/2 2412/7/2 2410/6/2
f 2413/5/5 2414/6/5 2415/4/5
f 2413/5/5 2416/7/5 2414/6/5
f 2417/5/4 2418/6/4 2419/4/4
f 2417/5/4 2420/7/4 2418/6/4
f 2421/5/4 2422/6/4 2423/4/4
f 2421/5/4 2424/7/4 2422/6/4
f 2425/5/4 2426/6/4 2427/4/4
f 2425/5/4 2428/7/4 2426/6/4
f 2429/5/4 2430/6/4 2431/4/4
f 2429/5/4 2432/7/4 2430/6/4
f 2433/5/4 2434/6/4 2435/4/4
f 2433/5/4 2436/7/4 2434/6/4
f 2437/5/4 2438/6/4 2439/4/4
f 2437/5/4 2440/7/4 2438/6/4
f 2441/5/4 2442/6/4 2443/4/4
f 2441/5/4 2444/7/4 2442/6/4
f 2445/5/4 2446/6/4 2447/4/4
f 2445/5/4 2448/7/4 2446/6/4
f 2449/5/4 2450/6/4 2451/4/4
f 2449/5/4 2452/7/4 2450/6/4
f 2453/5/4 2454/6/4 2455/4/4
f 2453/5/4 2456/7/4 2454/6/4
f 2457/5/3 2458/6/3 2459/4/3
f 2457/5/3 2460/7/3 2458/6/3
f 2461/5/3 2462/6/3 2463/4/3
f 2461/5/3 2464/7/3 2462/6/3
f 2465/5/3 2466/6/3 2467/4/3
f 2465/5/3 2468/7/3 2466/6/3
f 2469/5/3 2470/6/3 2471/4/3
f 2469/5/3 2472/7/3 2470/6/3
f 2473/5/3 2474/6/3 2475/4/3
f 2473/5/3 2476/7/3 2474/6/3
f 2477/5/3 2478/6/3 2479/4/3
f 2477/5/3 2480/7/3 2478/6/3
f 2481/5/3 2482/6/3 2483/4/3
f 2481/5/3 2484/7/3 2482/6/3
f 2485/5/3 2486/6/3 2487/4/3
f 2485/5/3 2488/7/3 2486/6/3
f 2489/5/3 2490/6/3 2491/4/3
f 2489/5/3 2492/7/3 2490/6/3
f 2493/5/3 2494/6/3 2495/4/3
f 2493/5/3 2496/7/3 2494/6/3
f 2497/5/1 2498/6/1 2499/4/1
f 2497/5/1 2500/7/1 2498/6/1
f 2501/5/1 2502/6/1 2503/4/1
f 2501/5/1 2504/7/1 2502/6/1
f 2505/5/1 2506/6/1 2507/4/1
f 2505/5/1 2508/7/1 2506/6/1
f 2509/5/1 2510/6/1 2511/4/1
f 2509/5/1 2512/7/1 2510/6/1
f 2513/5/1 2514/6/1 2515/4/1
f 2513/5/1 2516/7/1 2514/6/1
f 2517/5/1 2518/6/1 2519/4/1
f 2517/5/1 2520/7/1 2518/6/1
f 2521/5/1 2522/6/1 2523/4/1
f 2521/5/1 2524/7/1 2522/6/1
f 2525/5/1 2526/6/1 2527/4/1
f 2525/5/1 2528/7/1 2526/6/1
f 2529/5/1 2530/6/1 2531/4/1
f 2529/5/1 2532/7/1 2530/6/1
f 2533/5/1 2534/6/1 2535/4/1
f 2533/5/1 2536/7/1 2534/6/1
f 2537/5/5 2538/6/5 2539/4/5
f 2537/5/5 2540/7/5 2538/6/5
f 2541/5/5 2542/6/5 2543/4/5
f 2541/5/5 2544/7/5 2542/6/5
f 2545/5/5 2546/6/5 2547/4/5
f 2545/5/5 2548/7/5 2546/6/5
f 2549/5/5 2550/6/5 2551/4/5
f 2549/5/5 2552/7/5 2550/6/5
f 2553/5/5 2554/6/5 2555/4/5
f 2553/5/5 2556/7/5 2554/6/5
f 2557/5/5 2558/6/5 2559/4/5
f 2557/5/5 2560/7/5 2558/6/5
f 2561/5/5 2562/6/5 2563/4/5
f 2561/5/5 2564/7/5 2562/6/5
f 2565/5/5 2566/6/5 2567/4/5
f 2565/5/5 2568/7/5 2566/6/5
f 2569/5/5 2570/6/5 2571/4/5
f 2569/5/5 2572/7/5 2570/6/5
f 2573/5/5 2574/6/5 2575/4/5
f 2573/5/5 2576/7/5 2574/6/5
f 2577/5/4 2578/6/4 2579/4/4
f 2577/5/4 2580/7/4 2578/6/4
f 2581/5/4 2582/6/4 2583/4/4
f 2581/5/4 2584/7/4 2582/6/4
f 2585/5/4 2586/6/4 2587/4/4
f 2585/5/4 2588/7/4 2586/6/4
f 2589/5/4 2590/6/4 2591/4/4
f 2589/5/4 2592/7/4 2590/6/4
f 2593/5/4 2594/6/4 2595/4/4
f 2593/5/4 2596/7/4 2594/6/4
f 2597/5/4 2598/6/4 2599/4/4
f 2597/5/4 2600/7/4 2598/6/4
f 2601/5/4 2602/6/4 2603/4/4
f 2601/5/4 2604/7/4 2602/6/4
f 2605/5/4 2606/6/4 2607/4/4
f 2605/5/4 2608/7/4 2606/6/4
f 2609/5/4 2610/6/4 2611/4/4
f 2609/5/4 2612/7/4 2610/6/4
f 2613/5/4 2614/6/4 2615/4/4
f 2613/5/4 2616/7/4 2614/6/4
f 2617/5/6 2618/6/6 2619/4/6
f 2617/5/6 2620/7/6 2618/6/6
f 2621/5/5 2622/6/5 2623/4/5
f 2621/5/5 2624/7/5 2622/6/5
f 2625/5/5 2626/6/5 2627/4/5
f 2625/5/5 2628/7/5 2626/6/5
f 2629/5/5 2630/6/5 2631/4/5
f 2629/5/5 2632/7/5 2630/6/5
f 2633/5/5 2634/6/5 2635/4/5
f 2633/5/5 2636/7/5 2634/6/5
f 2637/5/5 2638/6/5 2639/4/5
f 2637/5/5 2640/7/5 2638/6/5
f 2641/5/5 2642/6/5 2643/4/5
f 2641/5/5 2644/7/5 2642/6/5
f 2645/5/5 2646/6/5 2647/4/5
f 2645/5/5 2648/7/5 2646/6/5
f 2649/5/5 2650/6/5 2651/4/5
f 2649/5/5 2652/7/5 2650/6/5
f 2653/5/5 2654/6/5 2655/4/5
f 2653/5/5 2656/7/5 2654/6/5
f 2657/5/5 2658/6/5 2659/4/5
f 2657/5/5 2660/7/5 2658/6/5
f 2661/5/4 2662/6/4 2663/4/4
f 2661/5/4 2664/7/4 2662/6/4
f 2665/5/4 2666/6/4 2667/4/4
f 2665/5/4 2668/7/4 2666/6/4
f 2669/5/4 2670/6/4 2671/4/4
f 2669/5/4 2672/7/4 2670/6/4
f 2673/5/4 2674/6/4 2675/4/4
f 2673/5/4 2676/7/4 2674/6/4
f 2677/5/4 2678/6/4 2679/4/4
f 2677/5/4 2680/7/4 2678/6/4
f 2681/5/4 2682/6/4 2683/4/4
f 2681/5/4 2684/7/4 2682/6/4
f 2685/5/4 2686/6/4 2687/4/4
f 2685/5/4 2688/7/4 2686/6/4
f 2689/5/4 2690/6/4 2691/4/4
f 2689/5/4 2692/7/4 2690/6/4
f 2693/5/4 2694/6/4 2695/4/4
f 2693/5/4 2696/7/4 2694/6/4
f 2697/5/4 2698/6/4 2699/4/4
f 2697/5/4 2700/7/4 2698/6/4
f 2701/5/2 2702/6/2 2703/4/2
f 2701/5/2 2704/7/2 2702/6/2
f 2705/5/3 2706/6/3 2707/4/3
f 2705/5/3 2708/7/3 2706/6/3
f 2709/5/3 2710/6/3 2711/4/3
f 2709/5/3 2712/7/3 2710/6/3
f 2713/5/3 2714/6/3 2715/4/3
f 2713/5/3 2716/7/3 2714/6/3
f 2717/5/3 2718/6/3 2719/4/3
f 2717/5/3 2720/7/3 2718/6/3
f 2721/5/3 2722/6/3 2723/4/3
f 2721/5/3 2724/7/3 2722/6/3
f 2725/5/3 2726/6/3 2727/4/3
f 2725/5/3 2728/7/3 2726/6/3
f 2729/5/3 2730/6/3 2731/4/3
f 2729/5/3 2732/7/3 2730/6/3
f 2733/5/3 2734/6/3 2735/4/3
f 2733/5/3 2736/7/3 2734/6/3
f 2737/5/3 2738/6/3 2739/4/3
f 2737/5/3 2740/7/3 2738/6/3
f 2741/5/3 2742/6/3 2743/4/3
f 2741/5/3 2744/7/3 2742/6/3
f 2745/5/1 2746/6/1 2747/4/1
f 2745/5/1 2748/7/1 2746/6/1
f 2749/5/1 2750/6/1 2751/4/1
f 2749/5/1 2752/7/1 2750/6/1
f 2753/5/1 2754/6/1 2755/4/1
f 2753/5/1 2756/7/1 2754/6/1
f 2757/5/1 2758/6/1 2759/4/1
f 2757/5/1 2760/7/1 2758/6/1
f 2761/5/1 2762/6/1 2763/4/1
f 2761/5/1 2764/7/1 2762/6/1
f 2765/5/1 2766/6/1 2767/4/1
f 2765/5/1 2768/7/1 2766/6/1
f 2769/5/1 2770/6/1 2771/4/1
f 2769/5/1 2772/7/1 2770/6/1
f 2773/5/1 2774/6/1 2775/4/1
f 2773/5/1 2776/7/1 2774/6/1
f 2777/5/1 2778/6/1 2779/4/1
f 2777/5/1 2780/7/1 2778/6/1
f 2781/5/1 2782/6/1 2783/4/1
f 2781/5/1 2784/7/1 2782/6/1
f 2785/5/2 2786/6/2 2787/4/2
f 2785/5/2 2788/7/2 2786/6/2
f 2789/5/2 2790/6/2 2791/4/2
f 2789/5/2 2792/7/2 2790/6/2
f 2793/5/2 2794/6/2 2795/4/2
f 2793/5/2 2796/7/2 2794/6/2
f 2797/5/2 2798/6/2 2799/4/2
f 2797/5/2 2800/7/2 2798/6/2
f 2801/5/2 2802/6/2 2803/4/2
f 2801/5/2 2804/7/2 2802/6/2
f 2805/5/2 2806/6/2 2807/4/2
f 2805/5/2 2808/7/2 2806/6/2
f 2809/5/2 2810/6/2 2811/4/2
f 2809/5/2 2812/7/2 2810/6/2
f 2813/5/2 2814/6/2 2815/4/2
f 2813/5/2 2816/7/2 2814/6/2
f 2817/5/2 2818/6/2 2819/4/2
f 2817/5/2 2820/7/2 2818/6/2
f 2821/5/2 2822/6/2 2823/4/2
f 2821/5/2 2824/7/2 2822/6/2
f 2825/5/1 2826/6/1 2827/4/1
f 2825/5/1 2828/7/1 2826/6/1
f 2829/5/1 2830/6/1 2831/4/1
f 2829/5/1 2832/7/1 2830/6/1
f 2833/5/1 2834/6/1 2835/4/1
f 2833/5/1 2836/7/1 2834/6/1
f 2837/5/1 2838/6/1 2839/4/1
f 2837/5/1 2840/7/1 2838/6/1
f 2841/5/1 2842/6/1 2843/4/1
f 2841/5/1 2844/7/1 2842/6/1
f 2845/5/1 2846/6/1 2847/4/1
f 2845/5/1 2848/7/1 2846/6/1
f 2849/5/1 2850/6/1 2851/4/1
f 2849/5/1 2852/7/1 2850/6/1
f 2853/5/1 2854/6/1 2855/4/1
f 2853/5/1 2856/7/1 2854/6/1
f 2857/5/1 2858/6/1 2859/4/1
f 2857/5/1 2860/7/1 2858/6/1
f 2861/5/1 2862/6/1 2863/4/1
f 2861/5/1 2864/7/1 2862/6/1
f 2865/5/3 2866/6/3 2867/4/3
f 2865/5/3 2868/7/3 2866/6/3
f 2869/5/6 2870/6/6 2871/4/6
f 2869/5/6 2872/7/6 2870/6/6
f 2873/5/6 2874/6/6 2875/4/6
f 2873/5/6 2876/7/6 2874/6/6
f 2877/5/6 2878/6/6 2879/4/6
f 2877/5/6 2880/7/6 2878/6/6
f 2881/5/6 2882/6/6 2883/4/6
f 2881/5/6 2884/7/6 2882/6/6
f 2885/5/6 2886/6/6 2887/4/6
f 2885/5/6 2888/7/6 2886/6/6
f 2889/5/6 2890/6/6 2891/4/6
f 2889/5/6 2892/7/6 2890/6/6
f 2893/5/6 2894/6/6 2895/4/6
f 2893/5/6 2896/7/6 2894/6/6
f 2897/5/6 2898/6/6 2899/4/6
f 2897/5/6 2900/7/6 2898/6/6
f 2901/5/6 2902/6/6 2903/4/6
f 2901/5/6 2904/7/6 2902/6/6
f 2905/5/6 2906/6/6 2907/4/6
f 2905/5/6 2908/7/6 2906/6/6
f 2909/5/4 2910/6/4 2911/4/4
f 2909/5/4 2912/7/4 2910/6/4
f 2913/5/4 2914/6/4 2915/4/4
f 2913/5/4 2916/7/4 2914/6/4
f 2917/5/4 2918/6/4 2919/4/4
f 2917/5/4 2920/7/4 2918/6/4
f 2921/5/4 2922/6/4 2923/4/4
f 2921/5/4 2924/7/4 2922/6/4
f 2925/5/4 2926/6/4 2927/4/4
f 2925/5/4 2928/7/4 2926/6/4
f 2929/5/4 2930/6/4 2931/4/4
f 2929/5/4 2932/7/4 2930/6/4
f 2933/5/4 2934/6/4 2935/4/4
f 2933/5/4 2936/7/4 2934/6/4
f 2937/5/4 2938/6/4 2939/4/4
f 2937/5/4 2940/7/4 2938/6/4
f 2941/5/4 2942/6/4 2943/4/4
f 2941/5/4 2944/7/4 2942/6/4
f 2945/5/4 2946/6/4 2947/4/4
f 2945/5/4 2948/7/4 2946/6/4
f 2949/5/4 2950/6/4 2951/4/4
f 2949/5/4 2952/7/4 2950/6/4
f 2953/5/4 2954/6/4 2955/4/4
f 2953/5/4 2956/7/4 2954/6/4
f 2957/5/4 2958/6/4 2959/4/4
f 2957/5/4 2960/7/4 2958/6/4
f 2961/5/4 2962/6/4 2963/4/4
f 2961/5/4 2964/7/4 2962/6/4
f 2965/5/4 2966/6/4 2967/4/4
f 2965/5/4 2968/7/4 2966/6/4
f 2969/5/4 2970/6/4 2971/4/4
f 2969/5/4 2972/7/4 2970/6/4
f 2973/5/4 2974/6/4 2975/4/4
f 2973/5/4 2976/7/4 2974/6/4
f 2977/5/4 2978/6/4 2979/4/4
f 2977/5/4 2980/7/4 2978/6/4
f 2981/5/4 2982/6/4 2983/4/4
f 2981/5/4 2984/7/4 2982/6/4
f 2985/5/4 2986/6/4 2987/4/4
f 2985/5/4 2988/7/4 2986/6/4
f 2989/5/4 2990/6/4 2991/4/4
f 2989/5/4 2992/7/4 2990/6/4
f 2993/5/4 2994/6/4 2995/4/4
f 2993/5/4 2996/7/4 2994/6/4
f 2997/5/4 2998/6/4 2999/4/4
f 2997/5/4 3000/7/4 2998/6/4
f 3001/5/4 3002/6/4 3003/4/4
f 3001/5/4 3004/7/4 3002/6/4
f 3005/5/4 3006/6/4 3007/4/4
f 3005/5/4 3008/7/4 3006/6/4
f 3009/5/4 3010/6/4 3011/4/4
f 3009/5/4 3012/7/4 3010/6/4
f 3013/5/4 3014/6/4 3015/4/4
f 3013/5/4 3016/7/4 3014/6/4
f 3017/5/4 3018/6/4 3019/4/4
f 3017/5/4 3020/7/4 3018/6/4
f 3021/5/4 3022/6/4 3023/4/4
f 3021/5/4 3024/7/4 3022/6/4
f 3025/5/4 3026/6/4 3027/4/4
f 3025/5/4 3028/7/4 3026/6/4
f 3029/5/4 3030/6/4 3031/4/4
f 3029/5/4 3032/7/4 3030/6/4
f 3033/5/4 3034/6/4 3035/4/4
f 3033/5/4 3036/7/4 3034/6/4
f 3037/5/4 3038/6/4 3039/4/4
f 3037/5/4 3040/7/4 3038/6/4
f 3041/5/4 3042/6/4 3043/4/4
f 3041/5/4 3044/7/4 3042/6/4
f 3045/5/4 3046/6/4 3047/4/4
f 3045/5/4 3048/7/4 3046/6/4
f 3049/5/4 3050/6/4 3051/4/4
f 3049/5/4 3052/7/4 3050/6/4
f 3053/5/4 3054/6/4 3055/4/4
f 3053/5/4 3056/7/4 3054/6/4
f 3057/5/4 3058/6/4 3059/4/4
f 3057/5/4 3060/7/4 3058/6/4
f 3061/5/4 3062/6/4 3063/4/4
f 3061/5/4 3064/7/4 3062/6/4
f 3065/5/4 3066/6/4 3067/4/4
f 3065/5/4 3068/7/4 3066/6/4
f 3069/5/4 3070/6/4 3071/4/4
f 3069/5/4 3072/7/4 3070/6/4
f 3073/5/4 3074/6/4 3075/4/4
f 3073/5/4 3076/7/4 3074/6/4
f 3077/5/4 3078/6/4 3079/4/4
f 3077/5/4 3080/7/4 3078/6/4
f 3081/5/4 3082/6/4 3083/4/4
f 3081/5/4 3084/7/4 3082/6/4
f 3085/5/4 3086/6/4 3087/4/4
f 3085/5/4 3088/7/4 3086/6/4
f 3089/5/4 3090/6/4 3091/4/4
f 3089/5/4 3092/7/4 3090/6/4
f 3093/1/4 3094/2/4 3095/3/4
f 3093/1/4 3096/4/4 3094/2/4
f 3097/1/4 3098/2/4 3099/3/4
f 3097/1/4 3100/4/4 3098/2/4
f 3101/1/4 3102/2/4 3103/3/4
f 3101/1/4 3104/4/4 3102/2/4
f 3105/1/4 3106/2/4 3107/3/4
f 3105/1/4 3108/4/4 3106/2/4
f 3109/1/4 3110/2/4 3111/3/4
f 3109/1/4 3112/4/4 3110/2/4
f 3113/1/4 3114/2/4 3115/3/4
f 3113/1/4 3116/4/4 3114/2/4
f 3117/1/4 3118/2/4 3119/3/4
f 3117/1/4 3120/4/4 3118/2/4
f 3121/1/4 3122/2/4 3123/3/4
f 3121/1/4 3124/4/4 3122/2/4
f 3125/1/4 3126/2/4 3127/3/4
f 3125/1/4 3128/4/4 3126/2/4
f 3129/1/4 3130/2/4 3131/3/4
f 3129/1/4 3132/4/4 3130/2/4
f 3133/1/4 3134/2/4 3135/3/4
f 3133/1/4 3136/4/4 3134/2/4
f 3137/1/4 3138/2/4 3139/3/4
f 3137/1/4 3140/4/4 3138/2/4
f 3141/1/4 3142/2/4 3143/3/4
f 3141/1/4 3144/4/4 3142/2/4
f 3145/1/4 3146/2/4 3147/3/4
f 3145/1/4 3148/4/4 3146/2/4
f 3149/1/4 3150/2/4 3151/3/4
f 3149/1/4 3152/4/4 3150/2/4
f 3153/1/4 3154/2/4 3155/3/4
f 3153/1/4 3156/4/4 3154/2/4
f 3157/1/4 3158/2/4 3159/3/4
f 3157/1/4 3160/4/4 3158/2/4
f 3161/1/4 3162/2/4 3163/3/4
f 3161/1/4 3164/4/4 3162/2/4
f 3165/1/4 3166/2/4 3167/3/4
f 3165/1/4 3168/4/4 3166/2/4
f 3169/1/4 3170/2/4 3171/3/4
f 3169/1/4 3172/4/4 3170/2/4
f 3173/1/4 3174/2/4 3175/3/4
f 3173/1/4 3176/4/4 3174/2/4
f 3177/1/4 3178/2/4 3179/3/4
f 3177/1/4 3180/4/4 3178/2/4
f 3181/1/4 3182/2/4 3183/3/4
f 3181/1/4 3184/4/4 3182/2/4
f 3185/1/4 3186/2/4 3187/3/4
f 3185/1/4 3188/4/4 3186/2/4
f 3189/1/4 3190/2/4 3191/3/4
f 3189/1/4 3192/4/4 3190/2/4
f 3193/1/4 3194/2/4 3195/3/4
f 3193/1/4 3196/4/4 3194/2/4
f 3197/1/4 3198/2/4 3199/3/4
f 3197/1/4 3200/4/4 3198/2/4
f 3201/1/4 3202/2/4 3203/3/4
f 3201/1/4 3204/4/4 3202/2/4
f 3205/1/4 3206/2/4 3207/3/4
f 3205/1/4 3208/4/4 3206/2/4
f 3209/1/4 3210/2/4 3211/3/4
f 3209/1/4 3212/4/4 3210/2/4
f 3213/1/4 3214/2/4 3215/3/4
f 3213/1/4 3216/4/4 3214/2/4
f 3217/1/4 3218/2/4 3219/3/4
f 3217/1/4 3220/4/4 3218/2/4
f 3221/1/4 3222/2/4 3223/3/4
f 3221/1/4 3224/4/4 3222/2/4
f 3225/1/4 3226/2/4 3227/3/4
f 3225/1/4 3228/4/4 3226/2/4
f 3229/1/4 3230/2/4 3231/3/4
f 3229/1/4 3232/4/4 3230/2/4
f 3233/1/4 3234/2/4 3235/3/4
f 3233/1/4 3236/4/4 3234/2/4
f 3237/1/4 3238/2/4 3239/3/4
f 3237/1/4 3240/4/4 3238/2/4
f 3241/1/4 3242/2/4 3243/3/4
f 3241/1/4 3244/4/4 3242/2/4
f 3245/1/4 3246/2/4 3247/3/4
f 3245/1/4 3248/4/4 3246/2/4
f 3249/1/4 3250/2/4 3251/3/4
f 3249/1/4 3252/4/4 3250/2/4
f 3253/1/4 3254/2/4 3255/3/4
f 3253/1/4 3256/4/4 3254/2/4
f 3257/1/4 3258/2/4 3259/3/4
f 3257/1/4 3260/4/4 3258/2/4
f 3261/1/4 3262/2/4 3263/3/4
f 3261/1/4 3264/4/4 3262/2/4
f 3265/1/4 3266/2/4 3267/3/4
f 3265/1/4 3268/4/4 3266/2/4
f 3269/1/4 3270/2/4 3271/3/4
f 3269/1/4 3272/4/4 3270/2/4
f 3273/1/4 3274/2/4 3275/3/4
f 3273/1/4 3276/4/4 3274/2/4
f 3277/1/4 3278/2/4 3279/3/4
f 3277/1/4 3280/4/4 3278/2/4
f 3281/1/4 3282/2/4 3283/3/4
f 3281/1/4 3284/4/4 3282/2/4
f 3285/1/4 3286/2/4 3287/3/4
f 3285/1/4 3288/4/4 3286/2/4
f 3289/1/4 3290/2/4 3291/3/4
f 3289/1/4 3292/4/4 3290/2/4
f 3293/1/4 3294/2/4 3295/3/4
f 3293/1/4 3296/4/4 3294/2/4
f 3297/1/4 3298/2/4 3299/3/4
f 3297/1/4 3300/4/4 3298/2/4
f 3301/1/4 3302/2/4 3303/3/4
f 3301/1/4 3304/4/4 3302/2/4
f 3305/1/4 3306/2/4 3307/3/4
f 3305/1/4 3308/4/4 3306/2/4
f 3309/1/4 3310/2/4 3311/3/4
f 3309/1/4 3312/4/4 3310/2/4
f 3313/1/4 3314/2/4 3315/3/4
f 3313/1/4 3316/4/4 3314/2/4
f 3317/1/4 3318/2/4 3319/3/4
f 3317/1/4 3320/4/4 3318/2/4
f 3321/1/4 3322/2/4 3323/3/4
f 3321/1/4 3324/4/4 3322/2/4
f 3325/1/4 3326/2/4 3327/3/4
f 3325/1/4 3328/4/4 3326/2/4
f 3329/1/4 3330/2/4 3331/3/4
f 3329/1/4 3332/4/4 3330/2/4
f 3333/1/4 3334/2/4 3335/3/4
f 3333/1/4 3336/4/4 3334/2/4
f 3337/6/3 3338/8/3 3339/9/3
f 3337/6/3 3340/10/3 3338/8/3
f 3341/6/2 3342/8/2 3343/9/2
f 3341/6/2 3344/10/2 3342/8/2
f 3345/6/5 3346/8/5 3347/9/5
f 3345/6/5 3348/10/5 3346/8/5
f 3349/6/6 3350/8/6 3351/9/6
f 3349/6/6 3352/10/6 3350/8/6
f 3353/5/6 3354/6/6 3355/4/6
f 3353/5/6 3356/7/6 3354/6/6
f 3357/5/6 3358/6/6 3359/4/6
f 3357/5/6 3360/7/6 3358/6/6
f 3361/5/6 3362/6/6 3363/4/6
f 3361/5/6 3364/7/6 3362/6/6
f 3365/5/6 3366/6/6 3367/4/6
f 3365/5/6 3368/7/6 3366/6/6
f 3369/5/5 3370/6/5 3371/4/5
f 3369/5/5 3372/7/5 3370/6/5
f 3373/5/5 3374/6/5 3375/4/5
f 3373/5/5 3376/7/5 3374/6/5
f 3377/5/5 3378/6/5 3379/4/5
f 3377/5/5 3380/7/5 3378/6/5
f 3381/5/5 3382/6/5 3383/4/5
f 3381/5/5 3384/7/5 3382/6/5
f 3385/5/5 3386/6/5 3387/4/5
f 3385/5/5 3388/7/5 3386/6/5
f 3389/5/5 3390/6/5 3391/4/5
f 3389/5/5 3392/7/5 3390/6/5
f 3393/5/5 3394/6/5 3395/4/5
f 3393/5/5 3396/7/5 3394/6/5
f 3397/5/5 3398/6/5 3399/4/5
f 3397/5/5 3400/7/5 3398/6/5
f 3401/5/5 3402/6/5 3403/4/5
f 3401/5/5 3404/7/5 3402/6/5
f 3405/5/5 3406/6/5 3407/4/5
f 3405/5/5 3408/7/5 3406/6/5
f 3409/5/6 3410/6/6 3411/4/6
f 3409/5/6 3412/7/6 3410/6/6
f 3413/5/6 3414/6/6 3415/4/6
f 3413/5/6 3416/7/6 3414/6/6
f 3417/5/6 3418/6/6 3419/4/6
f 3417/5/6 3420/7/6 3418/6/6
f 3421/5/6 3422/6/6 3423/4/6
f 3421/5/6 3424/7/6 3422/6/6
f 3425/5/6 3426/6/6 3427/4/6
f 3425/5/6 3428/7/6 3426/6/6
f 3429/5/6 3430/6/6 3431/4/6
f 3429/5/6 3432/7/6 3430/6/6
f 3433/5/3 3434/6/3 3435/4/3
f 3433/5/3 3436/7/3 3434/6/3
f 3437/5/3 3438/6/3 3439/4/3
f 3437/5/3 3440/7/3 3438/6/3
f 3441/5/3 3442/6/3 3443/4/3
f 3441/5/3 3444/7/3 3442/6/3
f 3445/5/3 3446/6/3 3447/4/3
f 3445/5/3 3448/7/3 3446/6/3
f 3449/5/3 3450/6/3 3451/4/3
f 3449/5/3 3452/7/3 3450/6/3
f 3453/5/3 3454/6/3 3455/4/3
f 3453/5/3 3456/7/3 3454/6/3
f 3457/5/3 3458/6/3 3459/4/3
f 3457/5/3 3460/7/3 3458/6/3
f 3461/5/3 3462/6/3 3463/4/3
f 3461/5/3 3464/7/3 3462/6/3
f 3465/5/3 3466/6/3 3467/4/3
f 3465/5/3 3468/7/3 3466/6/3
f 3469/5/3 3470/6/3 3471/4/3
f 3469/5/3 3472/7/3 3470/6/3
f 3473/5/2 3474/6/2 3475/4/2
f 3473/5/2 3476/7/2 3474/6/2
f 3477/5/2 3478/6/2 3479/4/2
f 3477/5/2 3480/7/2 3478/6/2
f 3481/5/2 3482/6/2 3483/4/2
f 3481/5/2 3484/7/2 3482/6/2
f 3485/5/2 3486/6/2 3487/4/2
f 3485/5/2 3488/7/2 3486/6/2
f 3489/5/2 3490/6/2 3491/4/2
f 3489/5/2 3492/7/2 3490/6/2
f 3493/5/2 3494/6/2 3495/4/2
f 3493/5/2 3496/7/2 3494/6/2
f 3497/5/2 3498/6/2 3499/4/2
f 3497/5/2 3500/7/2 3498/6/2
f 3501/5/2 3502/6/2 3503/4/2
f 3501/5/2 3504/7/2 3502/6/2
f 3505/5/2 3506/6/2 3507/4/2
f 3505/5/2 3508/7/2 3506/6/2
f 3509/5/2 3510/6/2 3511/4/2
f 3509/5/2 3512/7/2 3510/6/2
f 3513/5/4 3514/6/4 3515/4/4
f 3513/5/4 3516/7/4 3514/6/4
f 3517/5/4 3518/6/4 3519/4/4
f 3517/5/4 3520/7/4 3518/6/4
f 3521/5/4 3522/6/4 3523/4/4
f 3521/5/4 3524/7/4 3522/6/4
f 3525/5/4 3526/6/4 3527/4/4
f 3525/5/4 3528/7/4 3526/6/4
f 3529/5/4 3530/6/4 3531/4/4
f 3529/5/4 3532/7/4 3530/6/4
f 3533/5/4 3534/6/4 3535/4/4
f 3533/5/4 3536/7/4 3534/6/4
f 3537/5/4 3538/6/4 3539/4/4
f 3537/5/4 3540/7/4 3538/6/4
f 3541/5/4 3542/6/4 3543/4/4
f 3541/5/4 3544/7/4 3542/6/4
f 3545/5/4 3546/6/4 3547/4/4
f 3545/5/4 3548/7/4 3546/6/4
f 3549/5/4 3550/6/4 3551/4/4
f 3549/5/4 3552/7/4 3550/6/4
f 3553/5/4 3554/6/4 3555/4/4
f 3553/5/4 3556/7/4 3554/6/4
f 3557/5/4 3558/6/4 3559/4/4
f 3557/5/4 3560/7/4 3558/6/4
f 3561/5/4 3562/6/4 3563/4/4
f 3561/5/4 3564/7/4 3562/6/4
f 3565/5/4 3566/6/4 3567/4/4
f 3565/5/4 3568/7/4 3566/6/4
f 3569/5/4 3570/6/4 3571/4/4
f 3569/5/4 3572/7/4 3570/6/4
f 3573/5/4 3574/6/4 3575/4/4
f 3573/5/4 3576/7/4 3574/6/4
f 3577/5/4 3578/6/4 3579/4/4
f 3577/5/4 3580/7/4 3578/6/4
f 3581/5/4 3582/6/4 3583/4/4
f 3581/5/4 3584/7/4 3582/6/4
f 3585/5/4 3586/6/4 3587/4/4
f 3585/5/4 3588/7/4 3586/6/4
f 3589/5/4 3590/6/4 3591/4/4
f 3589/5/4 3592/7/4 3590/6/4
f 3593/5/4 3594/6/4 3595/4/4
f 3593/5/4 3596/7/4 3594/6/4
f 3597/5/4 3598/6/4 3599/4/4
f 3597/5/4 3600/7/4 3598/6/4
f 3601/5/4 3602/6/4 3603/4/4
f 3601/5/4 3604/7/4 3602/6/4
f 3605/5/4 3606/6/4 3607/4/4
f 3605/5/4 3608/7/4 3606/6/4
f 3609/5/4 3610/6/4 3611/4/4
f 3609/5/4 3612/7/4 3610/6/4
f 3613/5/4 3614/6/4 3615/4/4
f 3613/5/4 3616/7/4 3614/6/4
f 3617/5/4 3618/6/4 3619/4/4
f 3617/5/4 3620/7/4 3618/6/4
f 3621/5/4 3622/6/4 3623/4/4
f 3621/5/4 3624/7/4 3622/6/4
f 3625/5/4 3626/6/4 3627/4/4
f 3625/5/4 3628/7/4 3626/6/4
f 3629/5/4 3630/6/4 3631/4/4
f 3629/5/4 3632/7/4 3630/6/4
f 3633/5/4 3634/6/4 3635/4/4
f 3633/5/4 3636/7/4 3634/6/4
f 3637/5/4 3638/6/4 3639/4/4
f 3637/5/4 3640/7/4 3638/6/4
f 3641/5/4 3642/6/4 3643/4/4
f 3641/5/4 3644/7/4 3642/6/4
f 3645/5/4 3646/6/4 3647/4/4
f 3645/5/4 3648/7/4 3646/6/4
f 3649/5/4 3650/6/4 3651/4/4
f 3649/5/4 3652/7/4 3650/6/4
f 3653/5/4 3654/6/4 3655/4/4
f 3653/5/4 3656/7/4 3654/6/4
f 3657/1/4 3658/2/4 3659/3/4
f 3657/1/4 3660/4/4 3658/2/4
f 3661/1/4 3662/2/4 3663/3/4
f 3661/1/4 3664/4/4 3662/2/4
f 3665/1/4 3666/2/4 3667/3/4
f 3665/1/4 3668/4/4 3666/2/4
f 3669/1/4 3670/2/4 3671/3/4
f 3669/1/4 3672/4/4 3670/2/4
f 3673/1/4 3674/2/4 3675/3/4
f 3673/1/4 3676/4/4 3674/2/4
f 3677/1/4 3678/2/4 3679/3/4
f 3677/1/4 3680/4/4 3678/2/4
f 3681/1/4 3682/2/4 3683/3/4
f 3681/1/4 3684/4/4 3682/2/4
f 3685/1/4 3686/2/4 3687/3/4
f 3685/1/4 3688/4/4 3686/2/4
f 3689/1/4 3690/2/4 3691/3/4
f 3689/1/4 3692/4/4 3690/2/4
f 3693/1/4 3694/2/4 3695/3/4
f 3693/1/4 3696/4/4 3694/2/4
f 3697/1/4 3698/2/4 3699/3/4
f 3697/1/4 3700/4/4 3698/2/4
f 3701/1/4 3702/2/4 3703/3/4
f 3701/1/4 3704/4/4 3702/2/4
f 3705/1/4 3706/2/4 3707/3/4
f 3705/1/4 3708/4/4 3706/2/4
f 3709/1/4 3710/2/4 3711/3/4
f 3709/1/4 3712/4/4 3710/2/4
f 3713/1/4 3714/2/4 3715/3/4
f 3713/1/4 3716/4/4 3714/2/4
f 3717/1/4 3718/2/4 3719/3/4
f 3717/1/4 3720/4/4 3718/2/4
f 3721/1/4 3722/2/4 3723/3/4
f 3721/1/4 3724/4/4 3722/2/4
f 3725/1/4 3726/2/4 3727/3/4
f 3725/1/4 3728/4/4 3726/2/4
f 3729/1/4 3730/2/4 3731/3/4
f 3729/1/4 3732/4/4 3730/2/4
f 3733/1/4 3734/2/4 3735/3/4
f 3733/1/4 3736/4/4 3734/2/4
f 3737/1/4 3738/2/4 3739/3/4
f 3737/1/4 3740/4/4 3738/2/4
f 3741/1/4 3742/2/4 3743/3/4
f 3741/1/4 3744/4/4 3742/2/4
f 3745/1/4 3746/2/4 3747/3/4
f 3745/1/4 3748/4/4 3746/2/4
f 3749/1/4 3750/2/4 3751/3/4
f 3749/1/4 3752/4/4 3750/2/4
f 3753/1/4 3754/2/4 3755/3/4
f 3753/1/4 3756/4/4 3754/2/4
f 3757/1/4 3758/2/4 3759/3/4
f 3757/1/4 3760/4/4 3758/2/4
f 3761/1/4 3762/2/4 3763/3/4
f 3761/1/4 3764/4/4 3762/2/4
f 3765/1/4 3766/2/4 3767/3/4
f 3765/1/4 3768/4/4 3766/2/4
f 3769/1/4 3770/2/4 3771/3/4
f 3769/1/4 3772/4/4 3770/2/4
f 3773/1/4 3774/2/4 3775/3/4
f 3773/1/4 3776/4/4 3774/2/4
f 3777/1/4 3778/2/4 3779/3/4
f 3777/1/4 3780/4/4 3778/2/4
f 3781/1/4 3782/2/4 3783/3/4
f 3781/1/4 3784/4/4 3782/2/4
f 3785/1/4 3786/2/4 3787/3/4
f 3785/1/4 3788/4/4 3786/2/4
f 3789/1/4 3790/2/4 3791/3/4
f 3789/1/4 3792/4/4 3790/2/4
f 3793/1/4 3794/2/4 3795/3/4
f 3793/1/4 3796/4/4 3794/2/4
f 3797/1/4 3798/2/4 3799/3/4
f 3797/1/4 3800/4/4 3798/2/4
f 3801/1/4 3802/2/4 3803/3/4
f 3801/1/4 3804/4/4 3802/2/4
f 3805/1/4 3806/2/4 3807/3/4
f 3805/1/4 3808/4/4 3806/2/4
f 3809/1/4 3810/2/4 3811/3/4
f 3809/1/4 3812/4/4 3810/2/4
f 3813/1/4 3814/2/4 3815/3/4
f 3813/1/4 3816/4/4 3814/2/4
f 3817/1/4 3818/2/4 3819/3/4
f 3817/1/4 3820/4/4 3818/2/4
f 3821/1/4 3822/2/4 3823/3/4
f 3821/1/4 3824/4/4 3822/2/4
f 3825/1/4 3826/2/4 3827/3/4
f 3825/1/4 3828/4/4 3826/2/4
f 3829/1/4 3830/2/4 3831/3/4
f 3829/1/4 3832/4/4 3830/2/4
f 3833/1/4 3834/2/4 3835/3/4
f 3833/1/4 3836/4/4 3834/2/4
f 3837/1/4 3838/2/4 3839/3/4
f 3837/1/4 3840/4/4 3838/2/4
f 3841/1/4 3842/2/4 3843/3/4
f 3841/1/4 3844/4/4 3842/2/4
f 3845/1/4 3846/2/4 3847/3/4
f 3845/1/4 3848/4/4 3846/2/4
f 3849/1/4 3850/2/4 3851/3/4
f 3849/1/4 3852/4/4 3850/2/4
f 3853/1/4 3854/2/4 3855/3/4
f 3853/1/4 3856/4/4 3854/2/4
f 3857/1/4 3858/2/4 3859/3/4
f 3857/1/4 3860/4/4 3858/2/4
f 3861/1/4 3862/2/4 3863/3/4
f 3861/1/4 3864/4/4 3862/2/4
f 3865/1/4 3866/2/4 3867/3/4
f 3865/1/4 3868/4/4 3866/2/4
f 3869/1/4 3870/2/4 3871/3/4
f 3869/1/4 3872/4/4 3870/2/4
f 3873/1/4 3874/2/4 3875/3/4
f 3873/1/4 3876/4/4 3874/2/4
f 3877/1/4 3878/2/4 3879/3/4
f 3877/1/4 3880/4/4 3878/2/4
f 3881/1/4 3882/2/4 3883/3/4
f 3881/1/4 3884/4/4 3882/2/4
f 3885/1/4 3886/2/4 3887/3/4
f 3885/1/4 3888/4/4 3886/2/4
f 3889/1/4 3890/2/4 3891/3/4
f 3889/1/4 3892/4/4 3890/2/4
f 3893/1/4 3894/2/4 3895/3/4
f 3893/1/4 3896/4/4 3894/2/4
f 3897/1/4 3898/2/4 3899/3/4
f 3897/1/4 3900/4/4 3898/2/4
f 3901/5/3 3902/6/3 3903/4/3
f 3901/5/3 3904/7/3 3902/6/3
f 3905/5/3 3906/6/3 3907/4/3
f 3905/5/3 3908/7/3 3906/6/3
f 3909/5/3 3910/6/3 3911/4/3
f 3909/5/3 3912/7/3 3910/6/3
f 3913/5/3 3914/6/3 3915/4/3
f 3913/5/3 3916/7/3 3914/6/3
f 3917/5/3 3918/6/3 3919/4/3
f 3917/5/3 3920/7/3 3918/6/3
f 3921/5/2 3922/6/2 3923/4/2
f 3921/5/2 3924/7/2 3922/6/2
f 3925/5/2 3926/6/2 3927/4/2
f 3925/5/2 3928/7/2 3926/6/2
f 3929/5/2 3930/6/2 3931/4/2
f 3929/5/2 3932/7/2 3930/6/2
f 3933/5/2 3934/6/2 3935/4/2
f 3933/5/2 3936/7/2 3934/6/2
f 3937/5/2 3938/6/2 3939/4/2
f 3937/5/2 3940/7/2 3938/6/2
f 3941/5/2 3942/6/2 3943/4/2
f 3941/5/2 3944/7/2 3942/6/2
f 3945/5/2 3946/6/2 3947/4/2
f 3945/5/2 3948/7/2 3946/6/2
f 3949/5/3 3950/6/3 3951/4/3
f 3949/5/3 3952/7/3 3950/6/3
f 3953/5/3 3954/6/3 3955/4/3
f 3953/5/3 3956/7/3 3954/6/3
f 3957/5/5 3958/6/5 3959/4/5
f 3957/5/5 3960/7/5 3958/6/5
f 3961/5/5 3962/6/5 3963/4/5
f 3961/5/5 3964/7/5 3962/6/5
f 3965/5/5 3966/6/5 3967/4/5
f 3965/5/5 3968/7/5 3966/6/5
f 3969/5/5 3970/6/5 3971/4/5
f 3969/5/5 3972/7/5 3970/6/5
f 3973/5/5 3974/6/5 3975/4/5
f 3973/5/5 3976/7/5 3974/6/5
f 3977/5/5 3978/6/5 3979/4/5
f 3977/5/5 3980/7/5 3978/6/5
f 3981/5/5 3982/6/5 3983/4/5
f 3981/5/5 3984/7/5 3982/6/5
f 3985/5/6 3986/6/6 3987/4/6
f 3985/5/6 3988/7/6 3986/6/6
f 3989/5/6 3990/6/6 3991/4/6
f 3989/5/6 3992/7/6 3990/6/6
f 3993/5/6 3994/6/6 3995/4/6
f 3993/5/6 3996/7/6 3994/6/6
f 3997/5/6 3998/6/6 3999/4/6
f 3997/5/6 4000/7/6 3998/6/6
f 4001/5/6 4002/6/6 4003/4/6
f 4001/5/6 4004/7/6 4002/6/6
f 4005/5/6 4006/6/6 4007/4/6
f 4005/5/6 4008/7/6 4006/6/6
f 4009/5/6 4010/6/6 4011/4/6
f 4009/5/6 4012/7/6 4010/6/6
f 4013/5/4 4014/6/4 4015/4/4
f 4013/5/4 4016/7/4 4014/6/4
f 4017/5/4 4018/6/4 4019/4/4
f 4017/5/4 4020/7/4 4018/6/4
f 4021/5/4 4022/6/4 4023/4/4
f 4021/5/4 4024/7/4 4022/6/4
f 4025/5/4 4026/6/4 4027/4/4
f 4025/5/4 4028/7/4 4026/6/4
f 4029/5/4 4030/6/4 4031/4/4
f 4029/5/4 4032/7/4 4030/6/4
f 4033/5/4 4034/6/4 4035/4/4
f 4033/5/4 4036/7/4 4034/6/4
f 4037/5/4 4038/6/4 4039/4/4
f 4037/5/4 4040/7/4 4038/6/4
f 4041/5/4 4042/6/4 4043/4/4
f 4041/5/4 4044/7/4 4042/6/4
f 4045/5/4 4046/6/4 4047/4/4
f 4045/5/4 4048/7/4 4046/6/4
f 4049/5/4 4050/6/4 4051/4/4
f 4049/5/4 4052/7/4 4050/6/4
f 4053/5/4 4054/6/4 4055/4/4
f 4053/5/4 4056/7/4 4054/6/4
f 4057/5/4 4058/6/4 4059/4/4
f 4057/5/4 4060/7/4 4058/6/4
f 4061/5/4 4062/6/4 4063/4/4
f 4061/5/4 4064/7/4 4062/6/4
f 4065/5/4 4066/6/4 4067/4/4
f 4065/5/4 4068/7/4 4066/6/4
f 4069/5/4 4070/6/4 4071/4/4
f 4069/5/4 4072/7/4 4070/6/4
f 4073/5/4 4074/6/4 4075/4/4
f 4073/5/4 4076/7/4 4074/6/4
f 4077/5/4 4078/6/4 4079/4/4
f 4077/5/4 4080/7/4 4078/6/4
f 4081/5/4 4082/6/4 4083/4/4
f 4081/5/4 4084/7/4 4082/6/4
f 4085/5/4 4086/6/4 4087/4/4
f 4085/5/4 4088/7/4 4086/6/4
f 4089/5/4 4090/6/4 4091/4/4
f 4089/5/4 4092/7/4 4090/6/4
f 4093/5/4 4094/6/4 4095/4/4
f 4093/5/4 4096/7/4 4094/6/4
f 4097/5/4 4098/6/4 4099/4/4
f 4097/5/4 4100/7/4 4098/6/4
f 4101/5/4 4102/6/4 4103/4/4
f 4101/5/4 4104/7/4 4102/6/4
f 4105/5/4 4106/6/4 4107/4/4
f 4105/5/4 4108/7/4 4106/6/4
f 4109/5/4 4110/6/4 4111/4/4
f 4109/5/4 4112/7/4 4110/6/4
f 4113/5/4 4114/6/4 4115/4/4
f 4113/5/4 4116/7/4 4114/6/4
f 4117/5/4 4118/6/4 4119/4/4
f 4117/5/4 4120/7/4 4118/6/4
f 4121/5/4 4122/6/4 4123/4/4
f 4121/5/4 4124/7/4 4122/6/4
f 4125/5/4 4126/6/4 4127/4/4
f 4125/5/4 4128/7/4 4126/6/4
f 4129/5/4 4130/6/4 4131/4/4
f 4129/5/4 4132/7/4 4130/6/4
f 4133/5/4 4134/6/4 4135/4/4
f 4133/5/4 4136/7/4 4134/6/4
f 4137/5/4 4138/6/4 4139/4/4
f 4137/5/4 4140/7/4 4138/6/4
f 4141/5/4 4142/6/4 4143/4/4
f 4141/5/4 4144/7/4 4142/6/4
f 4145/5/4 4146/6/4 4147/4/4
f 4145/5/4 4148/7/4 4146/6/4
f 4149/5/4 4150/6/4 4151/4/4
f 4149/5/4 4152/7/4 4150/6/4
f 4153/5/4 4154/6/4 4155/4/4
f 4153/5/4 4156/7/4 4154/6/4
f 4157/5/4 4158/6/4 4159/4/4
f 4157/5/4 4160/7/4 4158/6/4
f 4161/5/4 4162/6/4 4163/4/4
f 4161/5/4 4164/7/4 4162/6/4
f 4165/5/4 4166/6/4 4167/4/4
f 4165/5/4 4168/7/4 4166/6/4
f 4169/5/4 4170/6/4 4171/4/4
f 4169/5/4 4172/7/4 4170/6/4
f 4173/5/4 4174/6/4 4175/4/4
f 4173/5/4 4176/7/4 4174/6/4
f 4177/5/4 4178/6/4 4179/4/4
f 4177/5/4 4180/7/4 4178/6/4
f 4181/5/4 4182/6/4 4183/4/4
f 4181/5/4 4184/7/4 4182/6/4
f 4185/5/4 4186/6/4 4187/4/4
f 4185/5/4 4188/7/4 4186/6/4
f 4189/5/4 4190/6/4 4191/4/4
f 4189/5/4 4192/7/4 4190/6/4
f 4193/5/6 4194/6/6 4195/4/6
f 4193/5/6 4196/7/6 4194/6/6
f 4197/13/6 4198/4/6 4199/1/6
f 4197/13/6 4200/5/6 4198/4/6
f 4201/15/6 4202/5/6 4203/13/6
f 4201/15/6 4204/16/6 4202/5/6
f 4205/5/6 4206/6/6 4207/4/6
f 4205/5/6 4208/7/6 4206/6/6
f 4209/5/6 4210/6/6 4211/4/6
f 4209/5/6 4212/7/6 4210/6/6
f 4213/5/6 4214/6/6 4215/4/6
f 4213/5/6 4216/7/6 4214/6/6
f 4217/5/6 4218/6/6 4219/4/6
f 4217/5/6 4220/7/6 4218/6/6
f 4221/5/6 4222/6/6 4223/4/6
f 4221/5/6 4224/7/6 4222/6/6
f 4225/5/6 4226/6/6 4227/4/6
f 4225/5/6 4228/7/6 4226/6/6
f 4229/5/6 4230/6/6 4231/4/6
f 4229/5/6 4232/7/6 4230/6/6
f 4233/5/6 4234/6/6 4235/4/6
f 4233/5/6 4236/7/6 4234/6/6
f 4237/5/6 4238/6/6 4239/4/6
f 4237/5/6 4240/7/6 4238/6/6
f 4241/5/6 4242/6/6 4243/4/6
f 4241/5/6 4244/7/6 4242/6/6
f 4245/17/6 4246/18/6 4247/7/6
f 4245/17/6 4248/19/6 4246/18/6
f 4249/5/6 4250/6/6 4251/4/6
f 4249/5/6 4252/7/6 4250/6/6
f 4253/14/5 4254/13/5 4255/11/5
f 4253/14/5 4256/15/5 4254/13/5
f 4257/17/6 4258/18/6 4259/7/6
f 4257/17/6 4260/19/6 4258/18/6
f 4261/13/6 4262/4/6 4263/1/6
f 4261/13/6 4264/5/6 4262/4/6
f 4265/5/6 4266/6/6 4267/4/6
f 4265/5/6 4268/7/6 4266/6/6
f 4269/17/6 4270/18/6 4271/7/6
f 4269/17/6 4272/19/6 4270/18/6
f 4273/14/6 4274/13/6 4275/11/6
f 4273/14/6 4276/15/6 4274/13/6
f 4277/15/6 4278/5/6 4279/13/6
f 4277/15/6 4280/16/6 4278/5/6
f 4281/5/6 4282/6/6 4283/4/6
f 4281/5/6 4284/7/6 4282/6/6
f 4285/14/5 4286/13/5 4287/11/5
f 4285/14/5 4288/15/5 4286/13/5
f 4289/15/6 4290/5/6 4291/13/6
f 4289/15/6 4292/16/6 4290/5/6
f 4293/13/6 4294/4/6 4295/1/6
f 4293/13/6 4296/5/6 4294/4/6
f 4297/5/6 4298/6/6 4299/4/6
f 4297/5/6 4300/7/6 4298/6/6
f 4301/5/6 4302/6/6 4303/4/6
f 4301/5/6 4304/7/6 4302/6/6
f 4305/5/6 4306/6/6 4307/4/6
f 4305/5/6 4308/7/6 4306/6/6
f 4309/5/6 4310/6/6 4311/4/6
f 4309/5/6 4312/7/6 4310/6/6
f 4313/5/5 4314/6/5 4315/4/5
f 4313/5/5 4316/7/5 4314/6/5
f 4317/5/5 4318/6/5 4319/4/5
f 4317/5/5 4320/7/5 4318/6/5
f 4321/5/5 4322/6/5 4323/4/5
f 4321/5/5 4324/7/5 4322/6/5
f 4325/5/5 4326/6/5 4327/4/5
f 4325/5/5 4328/7/5 4326/6/5
f 4329/5/5 4330/6/5 4331/4/5
f 4329/5/5 4332/7/5 4330/6/5
f 4333/5/5 4334/6/5 4335/4/5
f 4333/5/5 4336/7/5 4334/6/5
f 4337/11/5 4338/1/5 4339/12/5
f 4337/11/5 4340/13/5 4338/1/5
f 4341/13/5 4342/4/5 4343/1/5
f 4341/13/5 4344/5/5 4342/4/5
f 4345/15/5 4346/5/5 4347/13/5
f 4345/15/5 4348/16/5 4346/5/5
f 4349/5/5 4350/6/5 4351/4/5
f 4349/5/5 4352/7/5 4350/6/5
f 4353/5/5 4354/6/5 4355/4/5
f 4353/5/5 4356/7/5 4354/6/5
f 4357/15/5 4358/5/5 4359/13/5
f 4357/15/5 4360/16/5 4358/5/5
f 4361/14/5 4362/13/5 4363/11/5
f 4361/14/5 4364/15/5 4362/13/5
f 4365/11/5 4366/1/5 4367/12/5
f 4365/11/5 4368/13/5 4366/1/5
f 4369/5/5 4370/6/5 4371/4/5
f 4369/5/5 4372/7/5 4370/6/5
f 4373/5/5 4374/6/5 4375/4/5
f 4373/5/5 4376/7/5 4374/6/5
f 4377/15/5 4378/5/5 4379/13/5
f 4377/15/5 4380/16/5 4378/5/5
f 4381/13/5 4382/4/5 4383/1/5
f 4381/13/5 4384/5/5 4382/4/5
f 4385/11/5 4386/1/5 4387/12/5
f 4385/11/5 4388/13/5 4386/1/5
f 4389/5/5 4390/6/5 4391/4/5
f 4389/5/5 4392/7/5 4390/6/5
f 4393/5/5 4394/6/5 4395/4/5
f 4393/5/5 4396/7/5 4394/6/5
f 4397/11/5 4398/1/5 4399/12/5
f 4397/11/5 4400/13/5 4398/1/5
f 4401/14/5 4402/13/5 4403/11/5
f 4401/14/5 4404/15/5 4402/13/5
f 4405/11/5 4406/1/5 4407/12/5
f 4405/11/5 4408/13/5 4406/1/5
f 4409/5/5 4410/6/5 4411/4/5
f 4409/5/5 4412/7/5 4410/6/5
f 4413/5/5 4414/6/5 4415/4/5
f 4413/5/5 4416/7/5 4414/6/5
f 4417/5/5 4418/6/5 4419/4/5
f 4417/5/5 4420/7/5 4418/6/5
f 4421/5/5 4422/6/5 4423/4/5
f 4421/5/5 4424/7/5 4422/6/5
f 4425/5/5 4426/6/5 4427/4/5
f 4425/5/5 4428/7/5 4426/6/5
f 4429/5/5 4430/6/5 4431/4/5
f 4429/5/5 4432/7/5 4430/6/5
f 4433/5/2 4434/6/2 4435/4/2
f 4433/5/2 4436/7/2 4434/6/2
f 4437/5/2 4438/6/2 4439/4/2
f 4437/5/2 4440/7/2 4438/6/2
f 4441/5/2 4442/6/2 4443/4/2
f 4441/5/2 4444/7/2 4442/6/2
f 4445/5/2 4446/6/2 4447/4/2
f 4445/5/2 4448/7/2 4446/6/2
f 4449/5/2 4450/6/2 4451/4/2
f 4449/5/2 4452/7/2 4450/6/2
f 4453/5/2 4454/6/2 4455/4/2
f 4453/5/2 4456/7/2 4454/6/2
f 4457/15/3 4458/5/3 4459/13/3
f 4457/15/3 4460/16/3 4458/5/3
f 4461/15/2 4462/5/2 4463/13/2
f 4461/15/2 4464/16/2 4462/5/2
f 4465/13/2 4466/4/2 4467/1/2
f 4465/13/2 4468/5/2 4466/4/2
f 4469/5/2 4470/6/2 4471/4/2
f 4469/5/2 4472/7/2 4470/6/2
f 4473/5/2 4474/6/2 4475/4/2
f 4473/5/2 4476/7/2 4474/6/2
f 4477/13/2 4478/4/2 4479/1/2
f 4477/13/2 4480/5/2 4478/4/2
f 4481/14/2 4482/13/2 4483/11/2
f 4481/14/2 4484/15/2 4482/13/2
f 4485/14/2 4486/13/2 4487/11/2
f 4485/14/2 4488/15/2 4486/13/2
f 4489/5/2 4490/6/2 4491/4/2
f 4489/5/2 4492/7/2 4490/6/2
f 4493/5/2 4494/6/2 4495/4/2
f 4493/5/2 4496/7/2 4494/6/2
f 4497/15/2 4498/5/2 4499/13/2
f 4497/15/2 4500/16/2 4498/5/2
f 4501/13/2 4502/4/2 4503/1/2
f 4501/13/2 4504/5/2 4502/4/2
f 4505/16/2 4506/7/2 4507/5/2
f 4505/16/2 4508/17/2 4506/7/2
f 4509/5/2 4510/6/2 4511/4/2
f 4509/5/2 4512/7/2 4510/6/2
f 4513/5/2 4514/6/2 4515/4/2
f 4513/5/2 4516/7/2 4514/6/2
f 4517/15/2 4518/5/2 4519/13/2
f 4517/15/2 4520/16/2 4518/5/2
f 4521/15/2 4522/5/2 4523/13/2
f 4521/15/2 4524/16/2 4522/5/2
f 4525/11/2 4526/1/2 4527/12/2
f 4525/11/2 4528/13/2 4526/1/2
f 4529/5/2 4530/6/2 4531/4/2
f 4529/5/2 4532/7/2 4530/6/2
f 4533/5/2 4534/6/2 4535/4/2
f 4533/5/2 4536/7/2 4534/6/2
f 4537/5/2 4538/6/2 4539/4/2
f 4537/5/2 4540/7/2 4538/6/2
f 4541/5/2 4542/6/2 4543/4/2
f 4541/5/2 4544/7/2 4542/6/2
f 4545/5/2 4546/6/2 4547/4/2
f 4545/5/2 4548/7/2 4546/6/2
f 4549/5/2 4550/6/2 4551/4/2
f 4549/5/2 4552/7/2 4550/6/2
f 4553/5/3 4554/6/3 4555/4/3
f 4553/5/3 4556/7/3 4554/6/3
f 4557/11/3 4558/1/3 4559/12/3
f 4557/11/3 4560/13/3 4558/1/3
f 4561/15/3 4562/5/3 4563/13/3
f 4561/15/3 4564/16/3 4562/5/3
f 4565/13/3 4566/4/3 4567/1/3
f 4565/13/3 4568/5/3 4566/4/3
f 4569/11/3 4570/1/3 4571/12/3
f 4569/11/3 4572/13/3 4570/1/3
f 4573/14/3 4574/13/3 4575/11/3
f 4573/14/3 4576/15/3 4574/13/3
f 4577/5/3 4578/6/3 4579/4/3
f 4577/5/3 4580/7/3 4578/6/3
f 4581/5/3 4582/6/3 4583/4/3
f 4581/5/3 4584/7/3 4582/6/3
f 4585/5/3 4586/6/3 4587/4/3
f 4585/5/3 4588/7/3 4586/6/3
f 4589/13/3 4590/4/3 4591/1/3
f 4589/13/3 4592/5/3 4590/4/3
f 4593/5/3 4594/6/3 4595/4/3
f 4593/5/3 4596/7/3 4594/6/3
f 4597/5/3 4598/6/3 4599/4/3
f 4597/5/3 4600/7/3 4598/6/3
f 4601/11/6 4602/1/6 4603/12/6
f 4601/11/6 4604/13/6 4602/1/6
f 4605/14/3 4606/13/3 4607/11/3
f 4605/14/3 4608/15/3 4606/13/3
f 4609/14/3 4610/13/3 4611/11/3
f 4609/14/3 4612/15/3 4610/13/3
f 4613/5/3 4614/6/3 4615/4/3
f 4613/5/3 4616/7/3 4614/6/3
f 4617/5/3 4618/6/3 4619/4/3
f 4617/5/3 4620/7/3 4618/6/3
f 4621/5/3 4622/6/3 4623/4/3
f 4621/5/3 4624/7/3 4622/6/3
f 4625/5/3 4626/6/3 4627/4/3
f 4625/5/3 4628/7/3 4626/6/3
f 4629/5/3 4630/6/3 4631/4/3
f 4629/5/3 4632/7/3 4630/6/3
f 4633/5/3 4634/6/3 4635/4/3
f 4633/5/3 4636/7/3 4634/6/3
f 4637/5/3 4638/6/3 4639/4/3
f 4637/5/3 4640/7/3 4638/6/3
f 4641/14/3 4642/13/3 4643/11/3
f 4641/14/3 4644/15/3 4642/13/3
f 4645/5/3 4646/6/3 4647/4/3
f 4645/5/3 4648/7/3 4646/6/3
f 4649/5/3 4650/6/3 4651/4/3
f 4649/5/3 4652/7/3 4650/6/3
f 4653/5/3 4654/6/3 4655/4/3
f 4653/5/3 4656/7/3 4654/6/3
f 4657/5/3 4658/6/3 4659/4/3
f 4657/5/3 4660/7/3 4658/6/3
f 4661/13/3 4662/4/3 4663/1/3
f 4661/13/3 4664/5/3 4662/4/3
f 4665/5/3 4666/6/3 4667/4/3
f 4665/5/3 4668/7/3 4666/6/3
f 4669/5/3 4670/6/3 4671/4/3
f 4669/5/3 4672/7/3 4670/6/3
f 4673/1/4 4674/2/4 4675/3/4
f 4673/1/4 4676/4/4 4674/2/4
f 4677/1/4 4678/2/4 4679/3/4
f 4677/1/4 4680/4/4 4678/2/4
f 4681/4/4 4682/9/4 4683/2/4
f 4681/4/4 4684/6/4 4682/9/4
f 4685/1/4 4686/2/4 4687/3/4
f 4685/1/4 4688/4/4 4686/2/4
f 4689/1/4 4690/2/4 4691/3/4
f 4689/1/4 4692/4/4 4690/2/4
f 4693/1/4 4694/2/4 4695/3/4
f 4693/1/4 4696/4/4 4694/2/4
f 4697/4/4 4698/9/4 4699/2/4
f 4697/4/4 4700/6/4 4698/9/4
f 4701/1/4 4702/2/4 4703/3/4
f 4701/1/4 4704/4/4 4702/2/4
f 4705/1/4 4706/2/4 4707/3/4
f 4705/1/4 4708/4/4 4706/2/4
f 4709/1/4 4710/2/4 4711/3/4
f 4709/1/4 4712/4/4 4710/2/4
f 4713/4/4 4714/9/4 4715/2/4
f 4713/4/4 4716/6/4 4714/9/4
f 4717/1/4 4718/2/4 4719/3/4
f 4717/1/4 4720/4/4 4718/2/4
f 4721/1/4 4722/2/4 4723/3/4
f 4721/1/4 4724/4/4 4722/2/4
f 4725/1/4 4726/2/4 4727/3/4
f 4725/1/4 4728/4/4 4726/2/4
f 4729/4/4 4730/9/4 4731/2/4
f 4729/4/4 4732/6/4 4730/9/4
f 4733/1/4 4734/2/4 4735/3/4
f 4733/1/4 4736/4/4 4734/2/4
f 4737/4/4 4738/9/4 4739/2/4
f 4737/4/4 4740/6/4 4738/9/4
f 4741/4/4 4742/9/4 4743/2/4
f 4741/4/4 4744/6/4 4742/9/4
f 4745/4/4 4746/9/4 4747/2/4
f 4745/4/4 4748/6/4 4746/9/4
f 4749/4/4 4750/9/4 4751/2/4
f 4749/4/4 4752/6/4 4750/9/4
f 4753/4/4 4754/9/4 4755/2/4
f 4753/4/4 4756/6/4 4754/9/4
f 4757/4/4 4758/9/4 4759/2/4
f 4757/4/4 4760/6/4 4758/9/4
f 4761/4/4 4762/9/4 4763/2/4
f 4761/4/4 4764/6/4 4762/9/4
f 4765/4/4 4766/9/4 4767/2/4
f 4765/4/4 4768/6/4 4766/9/4
f 4769/4/4 4770/9/4 4771/2/4
f 4769/4/4 4772/6/4 4770/9/4
f 4773/5/2 4774/6/2 4775/4/2
f 4773/5/2 4776/7/2 4774/6/2
f 4777/5/2 4778/6/2 4779/4/2
f 4777/5/2 4780/7/2 4778/6/2
f 4781/5/2 4782/6/2 4783/4/2
f 4781/5/2 4784/7/2 4782/6/2
f 4785/5/2 4786/6/2 4787/4/2
f 4785/5/2 4788/7/2 4786/6/2
f 4789/5/2 4790/6/2 4791/4/2
f 4789/5/2 4792/7/2 4790/6/2
f 4793/5/2 4794/6/2 4795/4/2
f 4793/5/2 4796/7/2 4794/6/2
f 4797/5/2 4798/6/2 4799/4/2
f 4797/5/2 4800/7/2 4798/6/2
f 4801/5/2 4802/6/2 4803/4/2
f 4801/5/2 4804/7/2 4802/6/2
f 4805/5/2 4806/6/2 4807/4/2
f 4805/5/2 4808/7/2 4806/6/2
f 4809/5/2 4810/6/2 4811/4/2
f 4809/5/2 4812/7/2 4810/6/2
f 4813/5/2 4814/6/2 4815/4/2
f 4813/5/2 4816/7/2 4814/6/2
f 4817/5/2 4818/6/2 4819/4/2
f 4817/5/2 4820/7/2 4818/6/2
f 4821/5/2 4822/6/2 4823/4/2
f 4821/5/2 4824/7/2 4822/6/2
f 4825/5/2 4826/6/2 4827/4/2
f 4825/5/2 4828/7/2 4826/6/2
f 4829/5/2 4830/6/2 4831/4/2
f 4829/5/2 4832/7/2 4830/6/2
f 4833/5/2 4834/6/2 4835/4/2
f 4833/5/2 4836/7/2 4834/6/2
f 4837/5/2 4838/6/2 4839/4/2
f 4837/5/2 4840/7/2 4838/6/2
f 4841/5/2 4842/6/2 4843/4/2
f 4841/5/2 4844/7/2 4842/6/2
f 4845/5/3 4846/6/3 4847/4/3
f 4845/5/3 4848/7/3 4846/6/3
f 4849/5/3 4850/6/3 4851/4/3
f 4849/5/3 4852/7/3 4850/6/3
f 4853/5/3 4854/6/3 4855/4/3
f 4853/5/3 4856/7/3 4854/6/3
f 4857/5/3 4858/6/3 4859/4/3
f 4857/5/3 4860/7/3 4858/6/3
f 4861/5/3 4862/6/3 4863/4/3
f 4861/5/3 4864/7/3 4862/6/3
f 4865/5/3 4866/6/3 4867/4/3
f 4865/5/3 4868/7/3 4866/6/3
f 4869/5/3 4870/6/3 4871/4/3
f 4869/5/3 4872/7/3 4870/6/3
f 4873/5/3 4874/6/3 4875/4/3
f 4873/5/3 4876/7/3 4874/6/3
f 4877/5/3 4878/6/3 4879/4/3
f 4877/5/3 4880/7/3 4878/6/3
f 4881/5/3 4882/6/3 4883/4/3
f 4881/5/3 4884/7/3 4882/6/3
f 4885/5/3 4886/6/3 4887/4/3
f 4885/5/3 4888/7/3 4886/6/3
f 4889/5/3 4890/6/3 4891/4/3
f 4889/5/3 4892/7/3 4890/6/3
f 4893/5/3 4894/6/3 4895/4/3
f 4893/5/3 4896/7/3 4894/6/3
f 4897/5/3 4898/6/3 4899/4/3
f 4897/5/3 4900/7/3 4898/6/3
f 4901/5/3 4902/6/3 4903/4/3
f 4901/5/3 4904/7/3 4902/6/3
f 4905/5/3 4906/6/3 4907/4/3
f 4905/5/3 4908/7/3 4906/6/3
f 4909/5/3 4910/6/3 4911/4/3
f 4909/5/3 4912/7/3 4910/6/3
f 4913/5/3 4914/6/3 4915/4/3
f 4913/5/3 4916/7/3 4914/6/3
f 4917/5/5 4918/6/5 4919/4/5
f 4917/5/5 4920/7/5 4918/6/5
f 4921/5/5 4922/6/5 4923/4/5
f 4921/5/5 4924/7/5 4922/6/5
f 4925/5/5 4926/6/5 4927/4/5
f 4925/5/5 4928/7/5 4926/6/5
f 4929/5/5 4930/6/5 4931/4/5
f 4929/5/5 4932/7/5 4930/6/5
f 4933/5/5 4934/6/5 4935/4/5
f 4933/5/5 4936/7/5 4934/6/5
f 4937/5/5 4938/6/5 4939/4/5
f 4937/5/5 4940/7/5 4938/6/5
f 4941/5/5 4942/6/5 4943/4/5
f 4941/5/5 4944/7/5 4942/6/5
f 4945/5/5 4946/6/5 4947/4/5
f 4945/5/5 4948/7/5 4946/6/5
f 4949/5/5 4950/6/5 4951/4/5
f 4949/5/5 4952/7/5 4950/6/5
f 4953/5/5 4954/6/5 4955/4/5
f 4953/5/5 4956/7/5 4954/6/5
f 4957/5/5 4958/6/5 4959/4/5
f 4957/5/5 4960/7/5 4958/6/5
f 4961/5/5 4962/6/5 4963/4/5
f 4961/5/5 4964/7/5 4962/6/5
f 4965/5/5 4966/6/5 4967/4/5
f 4965/5/5 4968/7/5 4966/6/5
f 4969/5/5 4970/6/5 4971/4/5
f 4969/5/5 4972/7/5 4970/6/5
f 4973/5/5 4974/6/5 4975/4/5
f 4973/5/5 4976/7/5 4974/6/5
f 4977/5/5 4978/6/5 4979/4/5
f 4977/5/5 4980/7/5 4978/6/5
f 4981/5/5 4982/6/5 4983/4/5
f 4981/5/5 4984/7/5 4982/6/5
f 4985/5/5 4986/6/5 4987/4/5
f 4985/5/5 4988/7/5 4986/6/5
f 4989/5/6 4990/6/6 4991/4/6
f 4989/5/6 4992/7/6 4990/6/6
f 4993/5/6 4994/6/6 4995/4/6
f 4993/5/6 4996/7/6 4994/6/6
f 4997/5/6 4998/6/6 4999/4/6
f 4997/5/6 5000/7/6 4998/6/6
f 5001/5/6 5002/6/6 5003/4/6
f 5001/5/6 5004/7/6 5002/6/6
f 5005/5/6 5006/6/6 5007/4/6
f 5005/5/6 5008/7/6 5006/6/6
f 5009/5/6 5010/6/6 5011/4/6
f 5009/5/6 5012/7/6 5010/6/6
f 5013/5/6 5014/6/6 5015/4/6
f 5013/5/6 5016/7/6 5014/6/6
f 5017/5/6 5018/6/6 5019/4/6
f 5017/5/6 5020/7/6 5018/6/6
f 5021/5/6 5022/6/6 5023/4/6
f 5021/5/6 5024/7/6 5022/6/6
f 5025/5/6 5026/6/6 5027/4/6
f 5025/5/6 5028/7/6 5026/6/6
f 5029/5/6 5030/6/6 5031/4/6
f 5029/5/6 5032/7/6 5030/6/6
f 5033/5/6 5034/6/6 5035/4/6
f 5033/5/6 5036/7/6 5034/6/6
f 5037/5/6 5038/6/6 5039/4/6
f 5037/5/6 5040/7/6 5038/6/6
f 5041/5/6 5042/6/6 5043/4/6
f 5041/5/6 5044/7/6 5042/6/6
f 5045/5/6 5046/6/6 5047/4/6
f 5045/5/6 5048/7/6 5046/6/6
f 5049/5/6 5050/6/6 5051/4/6
f 5049/5/6 5052/7/6 5050/6/6
f 5053/5/6 5054/6/6 5055/4/6
f 5053/5/6 5056/7/6 5054/6/6
f 5057/5/6 5058/6/6 5059/4/6
f 5057/5/6 5060/7/6 5058/6/6
f 5061/1/4 5062/2/4 5063/3/4
f 5061/1/4 5064/4/4 5062/2/4
f 5065/1/4 5066/2/4 5067/3/4
f 5065/1/4 5068/4/4 5066/2/4
f 5069/1/4 5070/2/4 5071/3/4
f 5069/1/4 5072/4/4 5070/2/4
f 5073/1/4 5074/2/4 5075/3/4
f 5073/1/4 5076/4/4 5074/2/4
f 5077/1/4 5078/2/4 5079/3/4
f 5077/1/4 5080/4/4 5078/2/4
f 5081/1/4 5082/2/4 5083/3/4
f 5081/1/4 5084/4/4 5082/2/4
f 5085/1/4 5086/2/4 5087/3/4
f 5085/1/4 5088/4/4 5086/2/4
f 5089/1/4 5090/2/4 5091/3/4
f 5089/1/4 5092/4/4 5090/2/4
f 5093/1/4 5094/2/4 5095/3/4
f 5093/1/4 5096/4/4 5094/2/4
f 5097/5/5 5098/6/5 5099/4/5
f 5097/5/5 5100/7/5 5098/6/5
f 5101/5/5 5102/6/5 5103/4/5
f 5101/5/5 5104/7/5 5102/6/5
f 5105/5/5 5106/6/5 5107/4/5
f 5105/5/5 5108/7/5 5106/6/5
f 5109/5/5 5110/6/5 5111/4/5
f 5109/5/5 5112/7/5 5110/6/5
f 5113/5/5 5114/6/5 5115/4/5
f 5113/5/5 5116/7/5 5114/6/5
f 5117/5/5 5118/6/5 5119/4/5
f 5117/5/5 5120/7/5 5118/6/5
f 5121/5/1 5122/6/1 5123/4/1
f 5121/5/1 5124/7/1 5122/6/1
f 5125/5/1 5126/6/1 5127/4/1
f 5125/5/1 5128/7/1 5126/6/1
f 5129/5/1 5130/6/1 5131/4/1
f 5129/5/1 5132/7/1 5130/6/1
f 5133/5/1 5134/6/1 5135/4/1
f 5133/5/1 5136/7/1 5134/6/1
f 5137/5/1 5138/6/1 5139/4/1
f 5137/5/1 5140/7/1 5138/6/1
f 5141/5/1 5142/6/1 5143/4/1
f 5141/5/1 5144/7/1 5142/6/1
f 5145/5/1 5146/6/1 5147/4/1
f 5145/5/1 5148/7/1 5146/6/1
f 5149/5/1 5150/6/1 5151/4/1
f 5149/5/1 5152/7/1 5150/6/1
f 5153/5/1 5154/6/1 5155/4/1
f 5153/5/1 5156/7/1 5154/6/1
f 5157/5/1 5158/6/1 5159/4/1
f 5157/5/1 5160/7/1 5158/6/1
f 5161/5/1 5162/6/1 5163/4/1
f 5161/5/1 5164/7/1 5162/6/1
f 5165/5/1 5166/6/1 5167/4/1
f 5165/5/1 5168/7/1 5166/6/1
f 5169/5/1 5170/6/1 5171/4/1
f 5169/5/1 5172/7/1 5170/6/1
f 5173/5/1 5174/6/1 5175/4/1
f 5173/5/1 5176/7/1 5174/6/1
f 5177/5/1 5178/6/1 5179/4/1
f 5177/5/1 5180/7/1 5178/6/1
f 5181/5/1 5182/6/1 5183/4/1
f 5181/5/1 5184/7/1 5182/6/1
f 5185/5/1 5186/6/1 5187/4/1
f 5185/5/1 5188/7/1 5186/6/1
f 5189/5/1 5190/6/1 5191/4/1
f 5189/5/1 5192/7/1 5190/6/1
f 5193/5/1 5194/6/1 5195/4/1
f 5193/5/1 5196/7/1 5194/6/1
f 5197/5/1 5198/6/1 5199/4/1
f 5197/5/1 5200/7/1 5198/6/1
f 5201/5/1 5202/6/1 5203/4/1
f 5201/5/1 5204/7/1 5202/6/1
f 5205/5/1 5206/6/1 5207/4/1
f 5205/5/1 5208/7/1 5206/6/1
f 5209/5/1 5210/6/1 5211/4/1
f 5209/5/1 5212/7/1 5210/6/1
f 5213/5/1 5214/6/1 5215/4/1
f 5213/5/1 5216/7/1 5214/6/1
f 5217/5/1 5218/6/1 5219/4/1
f 5217/5/1 5220/7/1 5218/6/1
f 5221/5/1 5222/6/1 5223/4/1
f 5221/5/1 5224/7/1 5222/6/1
f 5225/5/1 5226/6/1 5227/4/1
f 5225/5/1 5228/7/1 5226/6/1
f 5229/5/1 5230/6/1 5231/4/1
f 5229/5/1 5232/7/1 5230/6/1
f 5233/5/1 5234/6/1 5235/4/1
f 5233/5/1 5236/7/1 5234/6/1
f 5237/5/1 5238/6/1 5239/4/1
f 5237/5/1 5240/7/1 5238/6/1
f 5241/5/1 5242/6/1 5243/4/1
f 5241/5/1 5244/7/1 5242/6/1
f 5245/5/1 5246/6/1 5247/4/1
f 5245/5/1 5248/7/1 5246/6/1
f 5249/5/1 5250/6/1 5251/4/1
f 5249/5/1 5252/7/1 5250/6/1
f 5253/5/1 5254/6/1 5255/4/1
f 5253/5/1 5256/7/1 5254/6/1
f 5257/5/1 5258/6/1 5259/4/1
f 5257/5/1 5260/7/1 5258/6/1
f 5261/5/1 5262/6/1 5263/4/1
f 5261/5/1 5264/7/1 5262/6/1
f 5265/5/1 5266/6/1 5267/4/1
f 5265/5/1 5268/7/1 5266/6/1
f 5269/5/1 5270/6/1 5271/4/1
f 5269/5/1 5272/7/1 5270/6/1
f 5273/5/1 5274/6/1 5275/4/1
f 5273/5/1 5276/7/1 5274/6/1
f 5277/5/1 5278/6/1 5279/4/1
f 5277/5/1 5280/7/1 5278/6/1
f 5281/5/1 5282/6/1 5283/4/1
f 5281/5/1 5284/7/1 5282/6/1
f 5285/5/1 5286/6/1 5287/4/1
f 5285/5/1 5288/7/1 5286/6/1
f 5289/5/1 5290/6/1 5291/4/1
f 5289/5/1 5292/7/1 5290/6/1
f 5293/5/1 5294/6/1 5295/4/1
f 5293/5/1 5296/7/1 5294/6/1
f 5297/5/1 5298/6/1 5299/4/1
f 5297/5/1 5300/7/1 5298/6/1
f 5301/5/1 5302/6/1 5303/4/1
f 5301/5/1 5304/7/1 5302/6/1
f 5305/5/1 5306/6/1 5307/4/1
f 5305/5/1 5308/7/1 5306/6/1
f 5309/5/1 5310/6/1 5311/4/1
f 5309/5/1 5312/7/1 5310/6/1
f 5313/5/1 5314/6/1 5315/4/1
f 5313/5/1 5316/7/1 5314/6/1
f 5317/5/1 5318/6/1 5319/4/1
f 5317/5/1 5320/7/1 5318/6/1
f 5321/5/1 5322/6/1 5323/4/1
f 5321/5/1 5324/7/1 5322/6/1
f 5325/5/1 5326/6/1 5327/4/1
f 5325/5/1 5328/7/1 5326/6/1
f 5329/5/1 5330/6/1 5331/4/1
f 5329/5/1 5332/7/1 5330/6/1
f 5333/5/1 5334/6/1 5335/4/1
f 5333/5/1 5336/7/1 5334/6/1
f 5337/5/1 5338/6/1 5339/4/1
f 5337/5/1 5340/7/1 5338/6/1
f 5341/5/1 5342/6/1 5343/4/1
f 5341/5/1 5344/7/1 5342/6/1
f 5345/5/1 5346/6/1 5347/4/1
f 5345/5/1 5348/7/1 5346/6/1
f 5349/5/1 5350/6/1 5351/4/1
f 5349/5/1 5352/7/1 5350/6/1
f 5353/5/1 5354/6/1 5355/4/1
f 5353/5/1 5356/7/1 5354/6/1
f 5357/5/1 5358/6/1 5359/4/1
f 5357/5/1 5360/7/1 5358/6/1
f 5361/5/1 5362/6/1 5363/4/1
f 5361/5/1 5364/7/1 5362/6/1
f 5365/5/1 5366/6/1 5367/4/1
f 5365/5/1 5368/7/1 5366/6/1
f 5369/5/1 5370/6/1 5371/4/1
f 5369/5/1 5372/7/1 5370/6/1
f 5373/5/1 5374/6/1 5375/4/1
f 5373/5/1 5376/7/1 5374/6/1
f 5377/5/1 5378/6/1 5379/4/1
f 5377/5/1 5380/7/1 5378/6/1
f 5381/5/1 5382/6/1 5383/4/1
f 5381/5/1 5384/7/1 5382/6/1
f 5385/5/1 5386/6/1 5387/4/1
f 5385/5/1 5388/7/1 5386/6/1
f 5389/5/1 5390/6/1 5391/4/1
f 5389/5/1 5392/7/1 5390/6/1
f 5393/5/1 5394/6/1 5395/4/1
f 5393/5/1 5396/7/1 5394/6/1
f 5397/5/1 5398/6/1 5399/4/1
f 5397/5/1 5400/7/1 5398/6/1
f 5401/5/1 5402/6/1 5403/4/1
f 5401/5/1 5404/7/1 5402/6/1
f 5405/5/1 5406/6/1 5407/4/1
f 5405/5/1 5408/7/1 5406/6/1
f 5409/5/1 5410/6/1 5411/4/1
f 5409/5/1 5412/7/1 5410/6/1
f 5413/5/1 5414/6/1 5415/4/1
f 5413/5/1 5416/7/1 5414/6/1
f 5417/5/1 5418/6/1 5419/4/1
f 5417/5/1 5420/7/1 5418/6/1
f 5421/5/1 5422/6/1 5423/4/1
f 5421/5/1 5424/7/1 5422/6/1
f 5425/5/5 5426/6/5 5427/4/5
f 5425/5/5 5428/7/5 5426/6/5
f 5429/5/5 5430/6/5 5431/4/5
f 5429/5/5 5432/7/5 5430/6/5
f 5433/5/5 5434/6/5 5435/4/5
f 5433/5/5 5436/7/5 5434/6/5
f 5437/5/5 5438/6/5 5439/4/5
f 5437/5/5 5440/7/5 5438/6/5
f 5441/5/5 5442/6/5 5443/4/5
f 5441/5/5 5444/7/5 5442/6/5
f 5445/5/5 5446/6/5 5447/4/5
f 5445/5/5 5448/7/5 5446/6/5
f 5449/5/5 5450/6/5 5451/4/5
f 5449/5/5 5452/7/5 5450/6/5
f 5453/5/5 5454/6/5 5455/4/5
f 5453/5/5 5456/7/5 5454/6/5
f 5457/5/5 5458/6/5 5459/4/5
f 5457/5/5 5460/7/5 5458/6/5
f 5461/5/5 5462/6/5 5463/4/5
f 5461/5/5 5464/7/5 5462/6/5
f 5465/5/5 5466/6/5 5467/4/5
f 5465/5/5 5468/7/5 5466/6/5
f 5469/5/5 5470/6/5 5471/4/5
f 5469/5/5 5472/7/5 5470/6/5
f 5473/5/5 5474/6/5 5475/4/5
f 5473/5/5 5476/7/5 5474/6/5
f 5477/5/5 5478/6/5 5479/4/5
f 5477/5/5 5480/7/5 5478/6/5
f 5481/5/6 5482/6/6 5483/4/6
f 5481/5/6 5484/7/6 5482/6/6
f 5485/5/6 5486/6/6 5487/4/6
f 5485/5/6 5488/7/6 5486/6/6
f 5489/5/6 5490/6/6 5491/4/6
f 5489/5/6 5492/7/6 5490/6/6
f 5493/5/6 5494/6/6 5495/4/6
f 5493/5/6 5496/7/6 5494/6/6
f 5497/5/6 5498/6/6 5499/4/6
f 5497/5/6 5500/7/6 5498/6/6
f 5501/5/6 5502/6/6 5503/4/6
f 5501/5/6 5504/7/6 5502/6/6
f 5505/5/6 5506/6/6 5507/4/6
f 5505/5/6 5508/7/6 5506/6/6
f 5509/5/6 5510/6/6 5511/4/6
f 5509/5/6 5512/7/6 5510/6/6
f 5513/5/6 5514/6/6 5515/4/6
f 5513/5/6 5516/7/6 5514/6/6
f 5517/5/6 5518/6/6 5519/4/6
f 5517/5/6 5520/7/6 5518/6/6
f 5521/5/6 5522/6/6 5523/4/6
f 5521/5/6 5524/7/6 5522/6/6
f 5525/5/6 5526/6/6 5527/4/6
f 5525/5/6 5528/7/6 5526/6/6
f 5529/5/6 5530/6/6 5531/4/6
f 5529/5/6 5532/7/6 5530/6/6
f 5533/5/6 5534/6/6 5535/4/6
f 5533/5/6 5536/7/6 5534/6/6
f 5537/5/6 5538/6/6 5539/4/6
f 5537/5/6 5540/7/6 5538/6/6
f 5541/5/6 5542/6/6 5543/4/6
f 5541/5/6 5544/7/6 5542/6/6
f 5545/5/6 5546/6/6 5547/4/6
f 5545/5/6 5548/7/6 5546/6/6
f 5549/5/6 5550/6/6 5551/4/6
f 5549/5/6 5552/7/6 5550/6/6
f 5553/5/6 5554/6/6 5555/4/6
f 5553/5/6 5556/7/6 5554/6/6
f 5557/5/6 5558/6/6 5559/4/6
f 5557/5/6 5560/7/6 5558/6/6
f 5561/5/3 5562/6/3 5563/4/3
f 5561/5/3 5564/7/3 5562/6/3
f 5565/5/3 5566/6/3 5567/4/3
f 5565/5/3 5568/7/3 5566/6/3
f 5569/5/3 5570/6/3 5571/4/3
f 5569/5/3 5572/7/3 5570/6/3
f 5573/5/3 5574/6/3 5575/4/3
f 5573/5/3 5576/7/3 5574/6/3
f 5577/5/3 5578/6/3 5579/4/3
f 5577/5/3 5580/7/3 5578/6/3
f 5581/5/3 5582/6/3 5583/4/3
f 5581/5/3 5584/7/3 5582/6/3
f 5585/5/3 5586/6/3 5587/4/3
f 5585/5/3 5588/7/3 5586/6/3
f 5589/5/3 5590/6/3 5591/4/3
f 5589/5/3 5592/7/3 5590/6/3
f 5593/5/3 5594/6/3 5595/4/3
f 5593/5/3 5596/7/3 5594/6/3
f 5597/5/3 5598/6/3 5599/4/3
f 5597/5/3 5600/7/3 5598/6/3
f 5601/5/3 5602/6/3 5603/4/3
f 5601/5/3 5604/7/3 5602/6/3
f 5605/5/3 5606/6/3 5607/4/3
f 5605/5/3 5608/7/3 5606/6/3
f 5609/5/3 5610/6/3 5611/4/3
f 5609/5/3 5612/7/3 5610/6/3
f 5613/5/3 5614/6/3 5615/4/3
f 5613/5/3 5616/7/3 5614/6/3
f 5617/5/3 5618/6/3 5619/4/3
f 5617/5/3 5620/7/3 5618/6/3
f 5621/5/3 5622/6/3 5623/4/3
f 5621/5/3 5624/7/3 5622/6/3
f 5625/5/3 5626/6/3 5627/4/3
f 5625/5/3 5628/7/3 5626/6/3
f 5629/5/3 5630/6/3 5631/4/3
f 5629/5/3 5632/7/3 5630/6/3
f 5633/5/3 5634/6/3 5635/4/3
f 5633/5/3 5636/7/3 5634/6/3
f 5637/5/3 5638/6/3 5639/4/3
f 5637/5/3 5640/7/3 5638/6/3
f 5641/5/2 5642/6/2 5643/4/2
f 5641/5/2 5644/7/2 5642/6/2
f 5645/5/2 5646/6/2 5647/4/2
f 5645/5/2 5648/7/2 5646/6/2
f 5649/5/2 5650/6/2 5651/4/2
f 5649/5/2 5652/7/2 5650/6/2
f 5653/5/2 5654/6/2 5655/4/2
f 5653/5/2 5656/7/2 5654/6/2
f 5657/5/2 5658/6/2 5659/4/2
f 5657/5/2 5660/7/2 5658/6/2
f 5661/5/2 5662/6/2 5663/4/2
f 5661/5/2 5664/7/2 5662/6/2
f 5665/5/2 5666/6/2 5667/4/2
f 5665/5/2 5668/7/2 5666/6/2
f 5669/5/2 5670/6/2 5671/4/2
f 5669/5/2 5672/7/2 5670/6/2
f 5673/5/2 5674/6/2 5675/4/2
f 5673/5/2 5676/7/2 5674/6/2
f 5677/5/2 5678/6/2 5679/4/2
f 5677/5/2 5680/7/2 5678/6/2
f 5681/5/2 5682/6/2 5683/4/2
f 5681/5/2 5684/7/2 5682/6/2
f 5685/5/2 5686/6/2 5687/4/2
f 5685/5/2 5688/7/2 5686/6/2
f 5689/5/2 5690/6/2 5691/4/2
f 5689/5/2 5692/7/2 5690/6/2
f 5693/5/2 5694/6/2 5695/4/2
f 5693/5/2 5696/7/2 5694/6/2
f 5697/5/2 5698/6/2 5699/4/2
f 5697/5/2 5700/7/2 5698/6/2
f 5701/5/2 5702/6/2 5703/4/2
f 5701/5/2 5704/7/2 5702/6/2
f 5705/5/2 5706/6/2 5707/4/2
f 5705/5/2 5708/7/2 5706/6/2
f 5709/5/2 5710/6/2 5711/4/2
f 5709/5/2 5712/7/2 5710/6/2
f 5713/5/2 5714/6/2 5715/4/2
f 5713/5/2 5716/7/2 5714/6/2
f 5717/5/2 5718/6/2 5719/4/2
f 5717/5/2 5720/7/2 5718/6/2
f 5721/5/4 5722/6/4 5723/4/4
f 5721/5/4 5724/7/4 5722/6/4
f 5725/5/4 5726/6/4 5727/4/4
f 5725/5/4 5728/7/4 5726/6/4
f 5729/5/4 5730/6/4 5731/4/4
f 5729/5/4 5732/7/4 5730/6/4
f 5733/5/4 5734/6/4 5735/4/4
f 5733/5/4 5736/7/4 5734/6/4
f 5737/5/4 5738/6/4 5739/4/4
f 5737/5/4 5740/7/4 5738/6/4
f 5741/5/4 5742/6/4 5743/4/4
f 5741/5/4 5744/7/4 5742/6/4
f 5745/5/4 5746/6/4 5747/4/4
f 5745/5/4 5748/7/4 5746/6/4
f 5749/5/4 5750/6/4 5751/4/4
f 5749/5/4 5752/7/4 5750/6/4
f 5753/5/4 5754/6/4 5755/4/4
f 5753/5/4 5756/7/4 5754/6/4
f 5757/5/4 5758/6/4 5759/4/4
f 5757/5/4 5760/7/4 5758/6/4
f 5761/5/4 5762/6/4 5763/4/4
f 5761/5/4 5764/7/4 5762/6/4
f 5765/5/4 5766/6/4 5767/4/4
f 5765/5/4 5768/7/4 5766/6/4
f 5769/5/4 5770/6/4 5771/4/4
f 5769/5/4 5772/7/4 5770/6/4
f 5773/5/4 5774/6/4 5775/4/4
f 5773/5/4 5776/7/4 5774/6/4
f 5777/5/4 5778/6/4 5779/4/4
f 5777/5/4 5780/7/4 5778/6/4
f 5781/5/4 5782/6/4 5783/4/4
f 5781/5/4 5784/7/4 5782/6/4
f 5785/5/4 5786/6/4 5787/4/4
f 5785/5/4 5788/7/4 5786/6/4
f 5789/5/4 5790/6/4 5791/4/4
f 5789/5/4 5792/7/4 5790/6/4
f 5793/5/4 5794/6/4 5795/4/4
f 5793/5/4 5796/7/4 5794/6/4
f 5797/5/4 5798/6/4 5799/4/4
f 5797/5/4 5800/7/4 5798/6/4
f 5801/5/4 5802/6/4 5803/4/4
f 5801/5/4 5804/7/4 5802/6/4
f 5805/5/4 5806/6/4 5807/4/4
f 5805/5/4 5808/7/4 5806/6/4
f 5809/5/4 5810/6/4 5811/4/4
f 5809/5/4 5812/7/4 5810/6/4
f 5813/5/4 5814/6/4 5815/4/4
f 5813/5/4 5816/7/4 5814/6/4
f 5817/5/4 5818/6/4 5819/4/4
f 5817/5/4 5820/7/4 5818/6/4
f 5821/5/4 5822/6/4 5823/4/4
f 5821/5/4 5824/7/4 5822/6/4
f 5825/5/4 5826/6/4 5827/4/4
f 5825/5/4 5828/7/4 5826/6/4
f 5829/5/4 5830/6/4 5831/4/4
f 5829/5/4 5832/7/4 5830/6/4
f 5833/5/4 5834/6/4 5835/4/4
f 5833/5/4 5836/7/4 5834/6/4
f 5837/5/4 5838/6/4 5839/4/4
f 5837/5/4 5840/7/4 5838/6/4
f 5841/5/4 5842/6/4 5843/4/4
f 5841/5/4 5844/7/4 5842/6/4
f 5845/5/4 5846/6/4 5847/4/4
f 5845/5/4 5848/7/4 5846/6/4
f 5849/5/4 5850/6/4 5851/4/4
f 5849/5/4 5852/7/4 5850/6/4
f 5853/5/4 5854/6/4 5855/4/4
f 5853/5/4 5856/7/4 5854/6/4
f 5857/5/4 5858/6/4 5859/4/4
f 5857/5/4 5860/7/4 5858/6/4
f 5861/5/4 5862/6/4 5863/4/4
f 5861/5/4 5864/7/4 5862/6/4
f 5865/5/4 5866/6/4 5867/4/4
f 5865/5/4 5868/7/4 5866/6/4
f 5869/5/4 5870/6/4 5871/4/4
f 5869/5/4 5872/7/4 5870/6/4
f 5873/5/4 5874/6/4 5875/4/4
f 5873/5/4 5876/7/4 5874/6/4
f 5877/5/4 5878/6/4 5879/4/4
f 5877/5/4 5880/7/4 5878/6/4
f 5881/5/4 5882/6/4 5883/4/4
f 5881/5/4 5884/7/4 5882/6/4
f 5885/5/4 5886/6/4 5887/4/4
f 5885/5/4 5888/7/4 5886/6/4
f 5889/5/4 5890/6/4 5891/4/4
f 5889/5/4 5892/7/4 5890/6/4
f 5893/5/4 5894/6/4 5895/4/4
f 5893/5/4 5896/7/4 5894/6/4
f 5897/5/4 5898/6/4 5899/4/4
f 5897/5/4 5900/7/4 5898/6/4
f 5901/5/4 5902/6/4 5903/4/4
f 5901/5/4 5904/7/4 5902/6/4
f 5905/5/4 5906/6/4 5907/4/4
f 5905/5/4 5908/7/4 5906/6/4
f 5909/5/4 5910/6/4 5911/4/4
f 5909/5/4 5912/7/4 5910/6/4
f 5913/5/4 5914/6/4 5915/4/4
f 5913/5/4 5916/7/4 5914/6/4
f 5917/5/4 5918/6/4 5919/4/4
f 5917/5/4 5920/7/4 5918/6/4
f 5921/5/4 5922/6/4 5923/4/4
f 5921/5/4 5924/7/4 5922/6/4
f 5925/5/4 5926/6/4 5927/4/4
f 5925/5/4 5928/7/4 5926/6/4
f 5929/5/4 5930/6/4 5931/4/4
f 5929/5/4 5932/7/4 5930/6/4
f 5933/5/2 5934/6/2 5935/4/2
f 5933/5/2 5936/7/2 5934/6/2
f 5937/5/4 5938/6/4 5939/4/4
f 5937/5/4 5940/7/4 5938/6/4
f 5941/5/4 5942/6/4 5943/4/4
f 5941/5/4 5944/7/4 5942/6/4
f 5945/5/4 5946/6/4 5947/4/4
f 5945/5/4 5948/7/4 5946/6/4
f 5949/5/4 5950/6/4 5951/4/4
f 5949/5/4 5952/7/4 5950/6/4
f 5953/5/4 5954/6/4 5955/4/4
f 5953/5/4 5956/7/4 5954/6/4
f 5957/5/4 5958/6/4 5959/4/4
f 5957/5/4 5960/7/4 5958/6/4
f 5961/5/4 5962/6/4 5963/4/4
f 5961/5/4 5964/7/4 5962/6/4
f 5965/5/4 5966/6/4 5967/4/4
f 5965/5/4 5968/7/4 5966/6/4
f 5969/5/4 5970/6/4 5971/4/4
f 5969/5/4 5972/7/4 5970/6/4
f 5973/5/4 5974/6/4 5975/4/4
f 5973/5/4 5976/7/4 5974/6/4
f 5977/5/4 5978/6/4 5979/4/4
f 5977/5/4 5980/7/4 5978/6/4
f 5981/5/4 5982/6/4 5983/4/4
f 5981/5/4 5984/7/4 5982/6/4
f 5985/5/4 5986/6/4 5987/4/4
f 5985/5/4 5988/7/4 5986/6/4
f 5989/5/4 5990/6/4 5991/4/4
f 5989/5/4 5992/7/4 5990/6/4
f 5993/5/4 5994/6/4 5995/4/4
f 5993/5/4 5996/7/4 5994/6/4
f 5997/5/4 5998/6/4 5999/4/4
f 5997/5/4 6000/7/4 5998/6/4
f 6001/5/4 6002/6/4 6003/4/4
f 6001/5/4 6004/7/4 6002/6/4
f 6005/5/4 6006/6/4 6007/4/4
f 6005/5/4 6008/7/4 6006/6/4
f 6009/5/4 6010/6/4 6011/4/4
f 6009/5/4 6012/7/4 6010/6/4
f 6013/5/4 6014/6/4 6015/4/4
f 6013/5/4 6016/7/4 6014/6/4
f 6017/5/4 6018/6/4 6019/4/4
f 6017/5/4 6020/7/4 6018/6/4
f 6021/5/4 6022/6/4 6023/4/4
f 6021/5/4 6024/7/4 6022/6/4
f 6025/5/5 6026/6/5 6027/4/5
f 6025/5/5 6028/7/5 6026/6/5
f 6029/5/5 6030/6/5 6031/4/5
f 6029/5/5 6032/7/5 6030/6/5
f 6033/5/5 6034/6/5 6035/4/5
f 6033/5/5 6036/7/5 6034/6/5
f 6037/5/5 6038/6/5 6039/4/5
f 6037/5/5 6040/7/5 6038/6/5
f 6041/5/5 6042/6/5 6043/4/5
f 6041/5/5 6044/7/5 6042/6/5
f 6045/5/5 6046/6/5 6047/4/5
f 6045/5/5 6048/7/5 6046/6/5
f 6049/5/5 6050/6/5 6051/4/5
f 6049/5/5 6052/7/5 6050/6/5
f 6053/5/5 6054/6/5 6055/4/5
f 6053/5/5 6056/7/5 6054/6/5
f 6057/5/5 6058/6/5 6059/4/5
f 6057/5/5 6060/7/5 6058/6/5
f 6061/5/5 6062/6/5 6063/4/5
f 6061/5/5 6064/7/5 6062/6/5
f 6065/5/5 6066/6/5 6067/4/5
f 6065/5/5 6068/7/5 6066/6/5
f 6069/5/5 6070/6/5 6071/4/5
f 6069/5/5 6072/7/5 6070/6/5
f 6073/5/5 6074/6/5 6075/4/5
f 6073/5/5 6076/7/5 6074/6/5
f 6077/5/5 6078/6/5 6079/4/5
f 6077/5/5 6080/7/5 6078/6/5
f 6081/5/5 6082/6/5 6083/4/5
f 6081/5/5 6084/7/5 6082/6/5
f 6085/5/5 6086/6/5 6087/4/5
f 6085/5/5 6088/7/5 6086/6/5
f 6089/5/5 6090/6/5 6091/4/5
f 6089/5/5 6092/7/5 6090/6/5
f 6093/5/5 6094/6/5 6095/4/5
f 6093/5/5 6096/7/5 6094/6/5
f 6097/5/6 6098/6/6 6099/4/6
f 6097/5/6 6100/7/6 6098/6/6
f 6101/5/6 6102/6/6 6103/4/6
f 6101/5/6 6104/7/6 6102/6/6
f 6105/5/6 6106/6/6 6107/4/6
f 6105/5/6 6108/7/6 6106/6/6
f 6109/5/6 6110/6/6 6111/4/6
f 6109/5/6 6112/7/6 6110/6/6
f 6113/5/6 6114/6/6 6115/4/6
f 6113/5/6 6116/7/6 6114/6/6
f 6117/5/6 6118/6/6 6119/4/6
f 6117/5/6 6120/7/6 6118/6/6
f 6121/5/6 6122/6/6 6123/4/6
f 6121/5/6 6124/7/6 6122/6/6
f 6125/5/6 6126/6/6 6127/4/6
f 6125/5/6 6128/7/6 6126/6/6
f 6129/5/6 6130/6/6 6131/4/6
f 6129/5/6 6132/7/6 6130/6/6
f 6133/5/6 6134/6/6 6135/4/6
f 6133/5/6 6136/7/6 6134/6/6
f 6137/5/6 6138/6/6 6139/4/6
f 6137/5/6 6140/7/6 6138/6/6
f 6141/5/6 6142/6/6 6143/4/6
f 6141/5/6 6144/7/6 6142/6/6
f 6145/5/6 6146/6/6 6147/4/6
f 6145/5/6 6148/7/6 6146/6/6
f 6149/5/6 6150/6/6 6151/4/6
f 6149/5/6 6152/7/6 6150/6/6
f 6153/5/6 6154/6/6 6155/4/6
f 6153/5/6 6156/7/6 6154/6/6
f 6157/5/6 6158/6/6 6159/4/6
f 6157/5/6 6160/7/6 6158/6/6
f 6161/5/6 6162/6/6 6163/4/6
f 6161/5/6 6164/7/6 6162/6/6
f 6165/5/6 6166/6/6 6167/4/6
f 6165/5/6 6168/7/6 6166/6/6
f 6169/5/3 6170/6/3 6171/4/3
f 6169/5/3 6172/7/3 6170/6/3
f 6173/5/3 6174/6/3 6175/4/3
f 6173/5/3 6176/7/3 6174/6/3
f 6177/5/3 6178/6/3 6179/4/3
f 6177/5/3 6180/7/3 6178/6/3
f 6181/5/3 6182/6/3 6183/4/3
f 6181/5/3 6184/7/3 6182/6/3
f 6185/5/3 6186/6/3 6187/4/3
f 6185/5/3 6188/7/3 6186/6/3
f 6189/5/3 6190/6/3 6191/4/3
f 6189/5/3 6192/7/3 6190/6/3
f 6193/5/3 6194/6/3 6195/4/3
f 6193/5/3 6196/7/3 6194/6/3
f 6197/5/3 6198/6/3 6199/4/3
f 6197/5/3 6200/7/3 6198/6/3
f 6201/5/3 6202/6/3 6203/4/3
f 6201/5/3 6204/7/3 6202/6/3
f 6205/5/3 6206/6/3 6207/4/3
f 6205/5/3 6208/7/3 6206/6/3
f 6209/5/3 6210/6/3 6211/4/3
f 6209/5/3 6212/7/3 6210/6/3
f 6213/5/3 6214/6/3 6215/4/3
f 6213/5/3 6216/7/3 6214/6/3
f 6217/5/3 6218/6/3 6219/4/3
f 6217/5/3 6220/7/3 6218/6/3
f 6221/5/3 6222/6/3 6223/4/3
f 6221/5/3 6224/7/3 6222/6/3
f 6225/5/3 6226/6/3 6227/4/3
f 6225/5/3 6228/7/3 6226/6/3
f 6229/5/3 6230/6/3 6231/4/3
f 6229/5/3 6232/7/3 6230/6/3
f 6233/5/3 6234/6/3 6235/4/3
f 6233/5/3 6236/7/3 6234/6/3
f 6237/5/3 6238/6/3 6239/4/3
f 6237/5/3 6240/7/3 6238/6/3
f 6241/5/2 6242/6/2 6243/4/2
f 6241/5/2 6244/7/2 6242/6/2
f 6245/5/2 6246/6/2 6247/4/2
f 6245/5/2 6248/7/2 6246/6/2
f 6249/5/2 6250/6/2 6251/4/2
f 6249/5/2 6252/7/2 6250/6/2
f 6253/5/2 6254/6/2 6255/4/2
f 6253/5/2 6256/7/2 6254/6/2
f 6257/5/2 6258/6/2 6259/4/2
f 6257/5/2 6260/7/2 6258/6/2
f 6261/5/2 6262/6/2 6263/4/2
f 6261/5/2 6264/7/2 6262/6/2
f 6265/5/2 6266/6/2 6267/4/2
f 6265/5/2 6268/7/2 6266/6/2
f 6269/5/2 6270/6/2 6271/4/2
f 6269/5/2 6272/7/2 6270/6/2
f 6273/5/2 6274/6/2 6275/4/2
f 6273/5/2 6276/7/2 6274/6/2
f 6277/5/2 6278/6/2 6279/4/2
f 6277/5/2 6280/7/2 6278/6/2
f 6281/5/2 6282/6/2 6283/4/2
f 6281/5/2 6284/7/2 6282/6/2
f 6285/5/2 6286/6/2 6287/4/2
f 6285/5/2 6288/7/2 6286/6/2
f 6289/5/2 6290/6/2 6291/4/2
f 6289/5/2 6292/7/2 6290/6/2
f 6293/5/2 6294/6/2 6295/4/2
f 6293/5/2 6296/7/2 6294/6/2
f 6297/5/2 6298/6/2 6299/4/2
f 6297/5/2 6300/7/2 6298/6/2
f 6301/5/2 6302/6/2 6303/4/2
f 6301/5/2 6304/7/2 6302/6/2
f 6305/5/2 6306/6/2 6307/4/2
f 6305/5/2 6308/7/2 6306/6/2
f 6309/13/5 6310/4/5 6311/1/5
f 6309/13/5 6312/5/5 6310/4/5
f 6313/11/6 6314/1/6 6315/12/6
f 6313/11/6 6316/13/6 6314/1/6
